ProjectName,BranchName,Severity
accumulo,remotes/origin/bugs-dot-jar_ACCUMULO-1044_9396979b,Critical
accumulo,remotes/origin/bugs-dot-jar_ACCUMULO-1044_ea2f9856,Critical
accumulo,remotes/origin/bugs-dot-jar_ACCUMULO-1051_25cf3ccd,Trivial
accumulo,remotes/origin/bugs-dot-jar_ACCUMULO-1120_474b2577,Blocker
accumulo,remotes/origin/bugs-dot-jar_ACCUMULO-1183_742960f1,Minor
accumulo,remotes/origin/bugs-dot-jar_ACCUMULO-1183_cfbf5999,Minor
accumulo,remotes/origin/bugs-dot-jar_ACCUMULO-1190_e29dc4f5,Minor
accumulo,remotes/origin/bugs-dot-jar_ACCUMULO-1192_9476b877,Minor
accumulo,remotes/origin/bugs-dot-jar_ACCUMULO-1192_c489d866,Minor
accumulo,remotes/origin/bugs-dot-jar_ACCUMULO-1199_813109d7,Minor
accumulo,remotes/origin/bugs-dot-jar_ACCUMULO-1312_d9ab8449,Major
accumulo,remotes/origin/bugs-dot-jar_ACCUMULO-1348_6ff92b12,Major
accumulo,remotes/origin/bugs-dot-jar_ACCUMULO-1348_ef0f6ddc,Major
accumulo,remotes/origin/bugs-dot-jar_ACCUMULO-1358_4d10c92f,Major
accumulo,remotes/origin/bugs-dot-jar_ACCUMULO-1358_6c565dfb,Major
accumulo,remotes/origin/bugs-dot-jar_ACCUMULO-1505_994df698,Major
accumulo,remotes/origin/bugs-dot-jar_ACCUMULO-1505_b082fc1e,Major
accumulo,remotes/origin/bugs-dot-jar_ACCUMULO-1514_fb25913c,Major
accumulo,remotes/origin/bugs-dot-jar_ACCUMULO-1518_dc95cb69,Major
accumulo,remotes/origin/bugs-dot-jar_ACCUMULO-1518_df4b1985,Major
accumulo,remotes/origin/bugs-dot-jar_ACCUMULO-151_b007b22e,Major
accumulo,remotes/origin/bugs-dot-jar_ACCUMULO-1544_0cf2ff72,Major
accumulo,remotes/origin/bugs-dot-jar_ACCUMULO-1661_13eb19c2,Major
accumulo,remotes/origin/bugs-dot-jar_ACCUMULO-1730_872b6db3,Trivial
accumulo,remotes/origin/bugs-dot-jar_ACCUMULO-1732_941e3cb1,Minor
accumulo,remotes/origin/bugs-dot-jar_ACCUMULO-178_2f0643a9,Trivial
accumulo,remotes/origin/bugs-dot-jar_ACCUMULO-178_efef09b0,Trivial
accumulo,remotes/origin/bugs-dot-jar_ACCUMULO-1800_3143b9c5,Critical
accumulo,remotes/origin/bugs-dot-jar_ACCUMULO-1800_8ec4cb84,Critical
accumulo,remotes/origin/bugs-dot-jar_ACCUMULO-189_6dbbdc21,Minor
accumulo,remotes/origin/bugs-dot-jar_ACCUMULO-189_cd7feb4d,Minor
accumulo,remotes/origin/bugs-dot-jar_ACCUMULO-193_8ad5a888,Minor
accumulo,remotes/origin/bugs-dot-jar_ACCUMULO-193_c831e44d,Minor
accumulo,remotes/origin/bugs-dot-jar_ACCUMULO-1986_2d97b875,Major
accumulo,remotes/origin/bugs-dot-jar_ACCUMULO-1986_a5e3ed3b,Major
accumulo,remotes/origin/bugs-dot-jar_ACCUMULO-1986_adee0f12,Major
accumulo,remotes/origin/bugs-dot-jar_ACCUMULO-209_397f86f6,Major
accumulo,remotes/origin/bugs-dot-jar_ACCUMULO-209_76d727f0,Major
accumulo,remotes/origin/bugs-dot-jar_ACCUMULO-217_46f62443,Major
accumulo,remotes/origin/bugs-dot-jar_ACCUMULO-217_add180fb,Major
accumulo,remotes/origin/bugs-dot-jar_ACCUMULO-218_15476a0d,Major
accumulo,remotes/origin/bugs-dot-jar_ACCUMULO-218_3d55560a,Major
accumulo,remotes/origin/bugs-dot-jar_ACCUMULO-2390_28294266,Major
accumulo,remotes/origin/bugs-dot-jar_ACCUMULO-2487_f2920c26,Critical
accumulo,remotes/origin/bugs-dot-jar_ACCUMULO-2494_0dc92ca1,Major
accumulo,remotes/origin/bugs-dot-jar_ACCUMULO-2520_a64151e6,Critical
accumulo,remotes/origin/bugs-dot-jar_ACCUMULO-2544_7ec60f1b,Major
accumulo,remotes/origin/bugs-dot-jar_ACCUMULO-2659_019edb16,Blocker
accumulo,remotes/origin/bugs-dot-jar_ACCUMULO-2671_17344890,Major
accumulo,remotes/origin/bugs-dot-jar_ACCUMULO-2713_6138a80f,Blocker
accumulo,remotes/origin/bugs-dot-jar_ACCUMULO-2742_1f7dd2d5,Major
accumulo,remotes/origin/bugs-dot-jar_ACCUMULO-2748_ff8c2383,Critical
accumulo,remotes/origin/bugs-dot-jar_ACCUMULO-2857_9fcca2ed,Major
accumulo,remotes/origin/bugs-dot-jar_ACCUMULO-2899_31aea2ad,Blocker
accumulo,remotes/origin/bugs-dot-jar_ACCUMULO-2928_f99b5654,Critical
accumulo,remotes/origin/bugs-dot-jar_ACCUMULO-2952_11d11e0d,Major
accumulo,remotes/origin/bugs-dot-jar_ACCUMULO-2962_023be574,Critical
accumulo,remotes/origin/bugs-dot-jar_ACCUMULO-2962_2fd7633f,Critical
accumulo,remotes/origin/bugs-dot-jar_ACCUMULO-2974_5eceb10e,Blocker
accumulo,remotes/origin/bugs-dot-jar_ACCUMULO-3006_d6472040,Blocker
accumulo,remotes/origin/bugs-dot-jar_ACCUMULO-3015_f848178e,Major
accumulo,remotes/origin/bugs-dot-jar_ACCUMULO-3055_94c2a31f,Critical
accumulo,remotes/origin/bugs-dot-jar_ACCUMULO-3077_17654199,Critical
accumulo,remotes/origin/bugs-dot-jar_ACCUMULO-3143_ddd2c3bc,Critical
accumulo,remotes/origin/bugs-dot-jar_ACCUMULO-3150_72fd6bec,Major
accumulo,remotes/origin/bugs-dot-jar_ACCUMULO-3218_1b35d263,Blocker
accumulo,remotes/origin/bugs-dot-jar_ACCUMULO-3229_891584fb,Major
accumulo,remotes/origin/bugs-dot-jar_ACCUMULO-3242_15e83709,Major
accumulo,remotes/origin/bugs-dot-jar_ACCUMULO-334_9d8cc45d,Major
accumulo,remotes/origin/bugs-dot-jar_ACCUMULO-3383_97f16db4,Minor
accumulo,remotes/origin/bugs-dot-jar_ACCUMULO-3385_a3267d3e,Critical
accumulo,remotes/origin/bugs-dot-jar_ACCUMULO-3408_81d25bc2,Minor
accumulo,remotes/origin/bugs-dot-jar_ACCUMULO-3424_27d4ee21,Major
accumulo,remotes/origin/bugs-dot-jar_ACCUMULO-3474_cfb832a1,Minor
accumulo,remotes/origin/bugs-dot-jar_ACCUMULO-3475_7651b777,Major
accumulo,remotes/origin/bugs-dot-jar_ACCUMULO-3634_9339ecf8,Minor
accumulo,remotes/origin/bugs-dot-jar_ACCUMULO-366_db4a291f,Major
accumulo,remotes/origin/bugs-dot-jar_ACCUMULO-3718_73ce9cfb,Blocker
accumulo,remotes/origin/bugs-dot-jar_ACCUMULO-3746_47c64d9a,Blocker
accumulo,remotes/origin/bugs-dot-jar_ACCUMULO-3897_699b8bf0,Minor
accumulo,remotes/origin/bugs-dot-jar_ACCUMULO-3945_36225565,Minor
accumulo,remotes/origin/bugs-dot-jar_ACCUMULO-4029_5ca779a0,Major
accumulo,remotes/origin/bugs-dot-jar_ACCUMULO-4098_a2c2d38a,Blocker
accumulo,remotes/origin/bugs-dot-jar_ACCUMULO-4113_27300d81,Critical
accumulo,remotes/origin/bugs-dot-jar_ACCUMULO-412_5594b2e0,Major
accumulo,remotes/origin/bugs-dot-jar_ACCUMULO-412_be2fdba7,Major
accumulo,remotes/origin/bugs-dot-jar_ACCUMULO-4138_4d23d784,Major
accumulo,remotes/origin/bugs-dot-jar_ACCUMULO-4138_50db442b,Major
accumulo,remotes/origin/bugs-dot-jar_ACCUMULO-4138_eb0f9b41,Major
accumulo,remotes/origin/bugs-dot-jar_ACCUMULO-414_116d5928,Major
accumulo,remotes/origin/bugs-dot-jar_ACCUMULO-414_ebf22df0,Major
accumulo,remotes/origin/bugs-dot-jar_ACCUMULO-633_8dad5e0f,Minor
accumulo,remotes/origin/bugs-dot-jar_ACCUMULO-776_dc9f23d9,Minor
accumulo,remotes/origin/bugs-dot-jar_ACCUMULO-795_9453bcfa,Minor
accumulo,remotes/origin/bugs-dot-jar_ACCUMULO-821_a450ac2f,Major
accumulo,remotes/origin/bugs-dot-jar_ACCUMULO-843_65390f8c,Minor
accumulo,remotes/origin/bugs-dot-jar_ACCUMULO-844_692efde2,Critical
accumulo,remotes/origin/bugs-dot-jar_ACCUMULO-907_4aeaeb2a,Major
camel,remotes/origin/bugs-dot-jar_CAMEL-3276_205420e2,Minor
camel,remotes/origin/bugs-dot-jar_CAMEL-3281_f7dd2fff,Major
camel,remotes/origin/bugs-dot-jar_CAMEL-3314_4badd9c5,Major
camel,remotes/origin/bugs-dot-jar_CAMEL-3388_0919a0f6,Major
camel,remotes/origin/bugs-dot-jar_CAMEL-3394_18e1a142,Minor
camel,remotes/origin/bugs-dot-jar_CAMEL-3395_8433e6db,Minor
camel,remotes/origin/bugs-dot-jar_CAMEL-3428_320545cd,Minor
camel,remotes/origin/bugs-dot-jar_CAMEL-3433_e76d23b0,Minor
camel,remotes/origin/bugs-dot-jar_CAMEL-3448_b345dd82,Critical
camel,remotes/origin/bugs-dot-jar_CAMEL-3498_b4606700,Major
camel,remotes/origin/bugs-dot-jar_CAMEL-3531_41e4b5b9,Major
camel,remotes/origin/bugs-dot-jar_CAMEL-3535_b56d2962,Major
camel,remotes/origin/bugs-dot-jar_CAMEL-3545_050c542e,Major
camel,remotes/origin/bugs-dot-jar_CAMEL-3617_02626724,Major
camel,remotes/origin/bugs-dot-jar_CAMEL-3690_2a3f3392,Minor
camel,remotes/origin/bugs-dot-jar_CAMEL-3709_4c37e773,Minor
camel,remotes/origin/bugs-dot-jar_CAMEL-3727_ff2713d1,Major
camel,remotes/origin/bugs-dot-jar_CAMEL-3757_c1b2f2f8,Minor
camel,remotes/origin/bugs-dot-jar_CAMEL-3760_5225e6e3,Minor
camel,remotes/origin/bugs-dot-jar_CAMEL-3789_9319e139,Major
camel,remotes/origin/bugs-dot-jar_CAMEL-3791_52106681,Major
camel,remotes/origin/bugs-dot-jar_CAMEL-3847_de9399f3,Minor
camel,remotes/origin/bugs-dot-jar_CAMEL-3878_b9094cb5,Major
camel,remotes/origin/bugs-dot-jar_CAMEL-4011_cbffff59,Trivial
camel,remotes/origin/bugs-dot-jar_CAMEL-4211_4efddb3f,Major
camel,remotes/origin/bugs-dot-jar_CAMEL-4354_96e40c3c,Major
camel,remotes/origin/bugs-dot-jar_CAMEL-4370_7345fefc,Major
camel,remotes/origin/bugs-dot-jar_CAMEL-4388_f39bc60d,Major
camel,remotes/origin/bugs-dot-jar_CAMEL-4467_79168a23,Minor
camel,remotes/origin/bugs-dot-jar_CAMEL-4474_06a8489a,Major
camel,remotes/origin/bugs-dot-jar_CAMEL-4482_e38494f1,Major
camel,remotes/origin/bugs-dot-jar_CAMEL-4486_f98ac676,Major
camel,remotes/origin/bugs-dot-jar_CAMEL-4509_8e3450f4,Major
camel,remotes/origin/bugs-dot-jar_CAMEL-4513_9e05f77f,Minor
camel,remotes/origin/bugs-dot-jar_CAMEL-4536_df9f4a6a,Minor
camel,remotes/origin/bugs-dot-jar_CAMEL-4542_c408c3ed,Major
camel,remotes/origin/bugs-dot-jar_CAMEL-4682_1e54865c,Minor
camel,remotes/origin/bugs-dot-jar_CAMEL-5137_afa1d132,Minor
camel,remotes/origin/bugs-dot-jar_CAMEL-5140_8898d491,Minor
camel,remotes/origin/bugs-dot-jar_CAMEL-5154_a8586a69,Minor
camel,remotes/origin/bugs-dot-jar_CAMEL-5187_8cadc344,Minor
camel,remotes/origin/bugs-dot-jar_CAMEL-5215_033eb6fe,Minor
camel,remotes/origin/bugs-dot-jar_CAMEL-5224_2db5570f,Major
camel,remotes/origin/bugs-dot-jar_CAMEL-5261_55c2e2d8,Major
camel,remotes/origin/bugs-dot-jar_CAMEL-5357_4cf7e80e,Major
camel,remotes/origin/bugs-dot-jar_CAMEL-5432_93935780,Major
camel,remotes/origin/bugs-dot-jar_CAMEL-5437_da05f5aa,Minor
camel,remotes/origin/bugs-dot-jar_CAMEL-5515_b3bb8670,Major
camel,remotes/origin/bugs-dot-jar_CAMEL-5570_a57830ed,Minor
camel,remotes/origin/bugs-dot-jar_CAMEL-5571_0e87b84f,Major
camel,remotes/origin/bugs-dot-jar_CAMEL-5644_15d0fd9b,Minor
camel,remotes/origin/bugs-dot-jar_CAMEL-5681_78c73502,Major
camel,remotes/origin/bugs-dot-jar_CAMEL-5683_0c3c7d1b,Major
camel,remotes/origin/bugs-dot-jar_CAMEL-5699_6d63a502,Minor
camel,remotes/origin/bugs-dot-jar_CAMEL-5704_708e756d,Major
camel,remotes/origin/bugs-dot-jar_CAMEL-5707_3f70d612,Minor
camel,remotes/origin/bugs-dot-jar_CAMEL-5720_4a05eccf,Minor
camel,remotes/origin/bugs-dot-jar_CAMEL-5796_de6dd425,Major
camel,remotes/origin/bugs-dot-jar_CAMEL-5826_a04674f2,Major
camel,remotes/origin/bugs-dot-jar_CAMEL-5844_e775071b,Minor
camel,remotes/origin/bugs-dot-jar_CAMEL-6447_020c451a,Major
camel,remotes/origin/bugs-dot-jar_CAMEL-6557_2c5a42db,Major
camel,remotes/origin/bugs-dot-jar_CAMEL-6593_7f8a295a,Minor
camel,remotes/origin/bugs-dot-jar_CAMEL-6604_4209fabb,Major
camel,remotes/origin/bugs-dot-jar_CAMEL-6604_55751402,Major
camel,remotes/origin/bugs-dot-jar_CAMEL-6607_2d7051ed,Major
camel,remotes/origin/bugs-dot-jar_CAMEL-6610_ed7e7c9f,Major
camel,remotes/origin/bugs-dot-jar_CAMEL-6667_1fc7bd7a,Major
camel,remotes/origin/bugs-dot-jar_CAMEL-6687_617eab1c,Major
camel,remotes/origin/bugs-dot-jar_CAMEL-6723_b92d6237,Major
camel,remotes/origin/bugs-dot-jar_CAMEL-6743_745a85ab,Major
camel,remotes/origin/bugs-dot-jar_CAMEL-6779_f412d744,Major
camel,remotes/origin/bugs-dot-jar_CAMEL-6810_6b210169,Minor
camel,remotes/origin/bugs-dot-jar_CAMEL-6889_cd40b712,Major
camel,remotes/origin/bugs-dot-jar_CAMEL-6918_5761250c,Major
camel,remotes/origin/bugs-dot-jar_CAMEL-6936_4954d573,Major
camel,remotes/origin/bugs-dot-jar_CAMEL-6948_f744afd9,Minor
camel,remotes/origin/bugs-dot-jar_CAMEL-6964_6b2ffb30,Major
camel,remotes/origin/bugs-dot-jar_CAMEL-6987_37e0e6bb,Minor
camel,remotes/origin/bugs-dot-jar_CAMEL-7016_4ed448c7,Minor
camel,remotes/origin/bugs-dot-jar_CAMEL-7018_3244c1e5,Major
camel,remotes/origin/bugs-dot-jar_CAMEL-7055_15e1077d,Major
camel,remotes/origin/bugs-dot-jar_CAMEL-7100_00a9b02b,Major
camel,remotes/origin/bugs-dot-jar_CAMEL-7125_6641f182,Minor
camel,remotes/origin/bugs-dot-jar_CAMEL-7130_7c9326f4,Major
camel,remotes/origin/bugs-dot-jar_CAMEL-7130_cc192f87,Major
camel,remotes/origin/bugs-dot-jar_CAMEL-7146_b6981cfd,Trivial
camel,remotes/origin/bugs-dot-jar_CAMEL-7160_095fa2b4,Major
camel,remotes/origin/bugs-dot-jar_CAMEL-7163_5f726d0b,Major
camel,remotes/origin/bugs-dot-jar_CAMEL-7167_1e33fcbc,Minor
camel,remotes/origin/bugs-dot-jar_CAMEL-7209_5f78c646,Major
camel,remotes/origin/bugs-dot-jar_CAMEL-7213_336663c9,Major
camel,remotes/origin/bugs-dot-jar_CAMEL-7239_ae419224,Major
camel,remotes/origin/bugs-dot-jar_CAMEL-7241_18c23fa8,Major
camel,remotes/origin/bugs-dot-jar_CAMEL-7271_a5a2f750,Major
camel,remotes/origin/bugs-dot-jar_CAMEL-7275_44cad623,Major
camel,remotes/origin/bugs-dot-jar_CAMEL-7304_fa165d6b,Minor
camel,remotes/origin/bugs-dot-jar_CAMEL-7344_91228815,Major
camel,remotes/origin/bugs-dot-jar_CAMEL-7359_9cb09d14,Major
camel,remotes/origin/bugs-dot-jar_CAMEL-7359_e6fbbf04,Major
camel,remotes/origin/bugs-dot-jar_CAMEL-7364_7bbb88ba,Major
camel,remotes/origin/bugs-dot-jar_CAMEL-7418_cabee0e9,Minor
camel,remotes/origin/bugs-dot-jar_CAMEL-7429_43956f93,Major
camel,remotes/origin/bugs-dot-jar_CAMEL-7448_35bde2b2,Minor
camel,remotes/origin/bugs-dot-jar_CAMEL-7456_02da984a,Minor
camel,remotes/origin/bugs-dot-jar_CAMEL-7459_57ba1bde,Minor
camel,remotes/origin/bugs-dot-jar_CAMEL-7478_69b00a31,Major
camel,remotes/origin/bugs-dot-jar_CAMEL-7513_85ced066,Major
camel,remotes/origin/bugs-dot-jar_CAMEL-7562_689147e9,Major
camel,remotes/origin/bugs-dot-jar_CAMEL-7568_b3377b16,Minor
camel,remotes/origin/bugs-dot-jar_CAMEL-7586_1f92fa42,Minor
camel,remotes/origin/bugs-dot-jar_CAMEL-7611_e30f1c53,Major
camel,remotes/origin/bugs-dot-jar_CAMEL-7622_faa20255,Major
camel,remotes/origin/bugs-dot-jar_CAMEL-7736_7ad36e3d,Major
camel,remotes/origin/bugs-dot-jar_CAMEL-7767_eab06182,Major
camel,remotes/origin/bugs-dot-jar_CAMEL-7795_19b2aa31,Major
camel,remotes/origin/bugs-dot-jar_CAMEL-7883_d57f402b,Major
camel,remotes/origin/bugs-dot-jar_CAMEL-7973_799b45df,Minor
camel,remotes/origin/bugs-dot-jar_CAMEL-7990_d581c4a4,Major
camel,remotes/origin/bugs-dot-jar_CAMEL-8053_cac72b14,Major
camel,remotes/origin/bugs-dot-jar_CAMEL-8081_2e985f9b,Major
camel,remotes/origin/bugs-dot-jar_CAMEL-8106_39ccf5d6,Major
camel,remotes/origin/bugs-dot-jar_CAMEL-8125_36e7b668,Minor
camel,remotes/origin/bugs-dot-jar_CAMEL-8137_53b4e90c,Minor
camel,remotes/origin/bugs-dot-jar_CAMEL-8146_17475d80,Minor
camel,remotes/origin/bugs-dot-jar_CAMEL-8227_54d7fc59,Minor
camel,remotes/origin/bugs-dot-jar_CAMEL-8584_dd0f74c0,Major
camel,remotes/origin/bugs-dot-jar_CAMEL-8592_57f72cd9,Minor
camel,remotes/origin/bugs-dot-jar_CAMEL-8624_597883fa,Major
camel,remotes/origin/bugs-dot-jar_CAMEL-8626_d063f471,Critical
camel,remotes/origin/bugs-dot-jar_CAMEL-8954_7b1253db,Minor
camel,remotes/origin/bugs-dot-jar_CAMEL-8964_ea8ee025,Major
camel,remotes/origin/bugs-dot-jar_CAMEL-9032_108d94f7,Major
camel,remotes/origin/bugs-dot-jar_CAMEL-9124_9da2c05a,Minor
camel,remotes/origin/bugs-dot-jar_CAMEL-9143_08077733,Major
camel,remotes/origin/bugs-dot-jar_CAMEL-9217_e7ac45b6,Minor
camel,remotes/origin/bugs-dot-jar_CAMEL-9238_169b981e,Major
camel,remotes/origin/bugs-dot-jar_CAMEL-9243_1957a828,Major
camel,remotes/origin/bugs-dot-jar_CAMEL-9269_62b2042b,Major
camel,remotes/origin/bugs-dot-jar_CAMEL-9340_1cab39f6,Trivial
camel,remotes/origin/bugs-dot-jar_CAMEL-9444_baece126,Major
camel,remotes/origin/bugs-dot-jar_CAMEL-9480_0ead2cac,Major
camel,remotes/origin/bugs-dot-jar_CAMEL-9641_9a6e6d8a,Major
camel,remotes/origin/bugs-dot-jar_CAMEL-9666_da035952,Minor
camel,remotes/origin/bugs-dot-jar_CAMEL-9672_84922699,Minor
camel,remotes/origin/bugs-dot-jar_CAMEL-9673_7944093f,Minor
camel,remotes/origin/bugs-dot-jar_CAMEL-9700_4d03e9de,Major
commons-math,remotes/origin/bugs-dot-jar_MATH-1005_91d280b7,Major
commons-math,remotes/origin/bugs-dot-jar_MATH-1045_a4ffd393,Minor
commons-math,remotes/origin/bugs-dot-jar_MATH-1045_c979a6f0,Minor
commons-math,remotes/origin/bugs-dot-jar_MATH-1051_bda25b40,Major
commons-math,remotes/origin/bugs-dot-jar_MATH-1058_4ebd967c,Minor
commons-math,remotes/origin/bugs-dot-jar_MATH-1065_996c0c16,Major
commons-math,remotes/origin/bugs-dot-jar_MATH-1067_aff82362,Major
commons-math,remotes/origin/bugs-dot-jar_MATH-1068_b12610d3,Minor
commons-math,remotes/origin/bugs-dot-jar_MATH-1070_8e5867ed,Critical
commons-math,remotes/origin/bugs-dot-jar_MATH-1080_b285f170,Minor
commons-math,remotes/origin/bugs-dot-jar_MATH-1088_63d88c74,Minor
commons-math,remotes/origin/bugs-dot-jar_MATH-1089_e91d0f05,Major
commons-math,remotes/origin/bugs-dot-jar_MATH-1093_7cfbc0da,Major
commons-math,remotes/origin/bugs-dot-jar_MATH-1096_19c1c3bb,Blocker
commons-math,remotes/origin/bugs-dot-jar_MATH-1096_faf99727,Blocker
commons-math,remotes/origin/bugs-dot-jar_MATH-1103_a6f96306,Major
commons-math,remotes/origin/bugs-dot-jar_MATH-1106_e2dc384d,Major
commons-math,remotes/origin/bugs-dot-jar_MATH-1115_2a6c6409,Major
commons-math,remotes/origin/bugs-dot-jar_MATH-1117_f4c926ea,Major
commons-math,remotes/origin/bugs-dot-jar_MATH-1121_5a6ccd58,Major
commons-math,remotes/origin/bugs-dot-jar_MATH-1123_a197ba85,Major
commons-math,remotes/origin/bugs-dot-jar_MATH-1127_ba62c59d,Major
commons-math,remotes/origin/bugs-dot-jar_MATH-1129_d4f978dd,Major
commons-math,remotes/origin/bugs-dot-jar_MATH-1135_a7363a2a,Minor
commons-math,remotes/origin/bugs-dot-jar_MATH-1136_cc4ab51e,Minor
commons-math,remotes/origin/bugs-dot-jar_MATH-1141_2f2a2dda,Minor
commons-math,remotes/origin/bugs-dot-jar_MATH-1148_4080feff,Major
commons-math,remotes/origin/bugs-dot-jar_MATH-1165_596ccd59,Minor
commons-math,remotes/origin/bugs-dot-jar_MATH-1203_4aa4c6d3,Major
commons-math,remotes/origin/bugs-dot-jar_MATH-1203_b148046a,Major
commons-math,remotes/origin/bugs-dot-jar_MATH-1204_a56d4998,Major
commons-math,remotes/origin/bugs-dot-jar_MATH-1208_ce2badf0,Major
commons-math,remotes/origin/bugs-dot-jar_MATH-1211_a06a1584,Major
commons-math,remotes/origin/bugs-dot-jar_MATH-1226_c44bfe00,Minor
commons-math,remotes/origin/bugs-dot-jar_MATH-1230_96eb80ef,Major
commons-math,remotes/origin/bugs-dot-jar_MATH-1232_8f35fcb8,Trivial
commons-math,remotes/origin/bugs-dot-jar_MATH-1241_471e6b07,Minor
commons-math,remotes/origin/bugs-dot-jar_MATH-1252_09fe956a,Major
commons-math,remotes/origin/bugs-dot-jar_MATH-1256_41f29780,Minor
commons-math,remotes/origin/bugs-dot-jar_MATH-1257_03178c8b,Minor
commons-math,remotes/origin/bugs-dot-jar_MATH-1261_4c4b3e2e,Minor
commons-math,remotes/origin/bugs-dot-jar_MATH-1269_a94ff90a,Major
commons-math,remotes/origin/bugs-dot-jar_MATH-1272_26e878ab,Minor
commons-math,remotes/origin/bugs-dot-jar_MATH-1277_fb007815,Minor
commons-math,remotes/origin/bugs-dot-jar_MATH-1283_9e0c5ad4,Minor
commons-math,remotes/origin/bugs-dot-jar_MATH-1297_56434517,Major
commons-math,remotes/origin/bugs-dot-jar_MATH-1300_1d635088,Major
commons-math,remotes/origin/bugs-dot-jar_MATH-286_dbdff075,Major
commons-math,remotes/origin/bugs-dot-jar_MATH-288_38983e82,Major
commons-math,remotes/origin/bugs-dot-jar_MATH-290_b01fcc31,Major
commons-math,remotes/origin/bugs-dot-jar_MATH-293_59a0da9c,Major
commons-math,remotes/origin/bugs-dot-jar_MATH-294_2c8a114f,Major
commons-math,remotes/origin/bugs-dot-jar_MATH-305_ef9b639a,Major
commons-math,remotes/origin/bugs-dot-jar_MATH-309_0596e314,Minor
commons-math,remotes/origin/bugs-dot-jar_MATH-318_83f18d52,Major
commons-math,remotes/origin/bugs-dot-jar_MATH-320_b2f3f6db,Major
commons-math,remotes/origin/bugs-dot-jar_MATH-320_c06cc933,Major
commons-math,remotes/origin/bugs-dot-jar_MATH-326_ce185345,Major
commons-math,remotes/origin/bugs-dot-jar_MATH-327_262fe4c0,Critical
commons-math,remotes/origin/bugs-dot-jar_MATH-329_6dd3724b,Minor
commons-math,remotes/origin/bugs-dot-jar_MATH-338_8dd22390,Major
commons-math,remotes/origin/bugs-dot-jar_MATH-343_f6dd42b4,Critical
commons-math,remotes/origin/bugs-dot-jar_MATH-344_a0b4b4b7,Critical
commons-math,remotes/origin/bugs-dot-jar_MATH-349_4cc9a49d,Minor
commons-math,remotes/origin/bugs-dot-jar_MATH-358_061f5017,Critical
commons-math,remotes/origin/bugs-dot-jar_MATH-367_3a15d8ce,Minor
commons-math,remotes/origin/bugs-dot-jar_MATH-369_f4a4464b,Minor
commons-math,remotes/origin/bugs-dot-jar_MATH-370_495f04bc,Minor
commons-math,remotes/origin/bugs-dot-jar_MATH-371_bb005b56,Major
commons-math,remotes/origin/bugs-dot-jar_MATH-373_bfe4623c,Major
commons-math,remotes/origin/bugs-dot-jar_MATH-377_c640932d,Major
commons-math,remotes/origin/bugs-dot-jar_MATH-393_d4b02f6a,Trivial
commons-math,remotes/origin/bugs-dot-jar_MATH-395_962315ba,Major
commons-math,remotes/origin/bugs-dot-jar_MATH-405_784e4f69,Major
commons-math,remotes/origin/bugs-dot-jar_MATH-413_51aa6e6c,Major
commons-math,remotes/origin/bugs-dot-jar_MATH-414_5fe9b36c,Minor
commons-math,remotes/origin/bugs-dot-jar_MATH-434_133cbc2d,Major
commons-math,remotes/origin/bugs-dot-jar_MATH-471_a4b1948b,Major
commons-math,remotes/origin/bugs-dot-jar_MATH-482_6d6649ef,Major
commons-math,remotes/origin/bugs-dot-jar_MATH-519_26a61077,Major
commons-math,remotes/origin/bugs-dot-jar_MATH-546_b6bf8f41,Minor
commons-math,remotes/origin/bugs-dot-jar_MATH-554_fbbb96eb,Major
commons-math,remotes/origin/bugs-dot-jar_MATH-555_328513f3,Minor
commons-math,remotes/origin/bugs-dot-jar_MATH-559_fc409e88,Trivial
commons-math,remotes/origin/bugs-dot-jar_MATH-618_2123f780,Major
commons-math,remotes/origin/bugs-dot-jar_MATH-631_334c01e6,Major
commons-math,remotes/origin/bugs-dot-jar_MATH-631_c0b49542,Major
commons-math,remotes/origin/bugs-dot-jar_MATH-631_ebc61de9,Major
commons-math,remotes/origin/bugs-dot-jar_MATH-639_8b418000,Major
commons-math,remotes/origin/bugs-dot-jar_MATH-640_98556fed,Major
commons-math,remotes/origin/bugs-dot-jar_MATH-657_32b0f733,Minor
commons-math,remotes/origin/bugs-dot-jar_MATH-657_97b440fc,Minor
commons-math,remotes/origin/bugs-dot-jar_MATH-679_5e638976,Minor
commons-math,remotes/origin/bugs-dot-jar_MATH-691_118f0cc0,Minor
commons-math,remotes/origin/bugs-dot-jar_MATH-695_7980a242,Major
commons-math,remotes/origin/bugs-dot-jar_MATH-699_b2e24119,Minor
commons-math,remotes/origin/bugs-dot-jar_MATH-704_3f645310,Major
commons-math,remotes/origin/bugs-dot-jar_MATH-705_645d642b,Major
commons-math,remotes/origin/bugs-dot-jar_MATH-713_f656676e,Major
commons-math,remotes/origin/bugs-dot-jar_MATH-716_faa77857,Minor
commons-math,remotes/origin/bugs-dot-jar_MATH-718_3a08bfa6,Major
commons-math,remotes/origin/bugs-dot-jar_MATH-722_95d15eff,Minor
commons-math,remotes/origin/bugs-dot-jar_MATH-723_1352a70f,Major
commons-math,remotes/origin/bugs-dot-jar_MATH-724_9c8bb934,Major
commons-math,remotes/origin/bugs-dot-jar_MATH-727_69273dca,Major
commons-math,remotes/origin/bugs-dot-jar_MATH-727_d2777388,Major
commons-math,remotes/origin/bugs-dot-jar_MATH-738_f64b6a90,Major
commons-math,remotes/origin/bugs-dot-jar_MATH-744_8a83581e,Major
commons-math,remotes/origin/bugs-dot-jar_MATH-757_76b7413d,Major
commons-math,remotes/origin/bugs-dot-jar_MATH-776_b9ca51f0,Major
commons-math,remotes/origin/bugs-dot-jar_MATH-778_5b9302d5,Major
commons-math,remotes/origin/bugs-dot-jar_MATH-779_ebadb558,Major
commons-math,remotes/origin/bugs-dot-jar_MATH-780_dd6cefb0,Major
commons-math,remotes/origin/bugs-dot-jar_MATH-781_3c4cb189,Major
commons-math,remotes/origin/bugs-dot-jar_MATH-789_621bbb8f,Major
commons-math,remotes/origin/bugs-dot-jar_MATH-801_118e94b5,Major
commons-math,remotes/origin/bugs-dot-jar_MATH-812_607c9ec6,Major
commons-math,remotes/origin/bugs-dot-jar_MATH-812_6eb46555,Major
commons-math,remotes/origin/bugs-dot-jar_MATH-828_a49e443c,Major
commons-math,remotes/origin/bugs-dot-jar_MATH-835_63a48705,Minor
commons-math,remotes/origin/bugs-dot-jar_MATH-836_d7c0f27e,Minor
commons-math,remotes/origin/bugs-dot-jar_MATH-844_7994d3ee,Minor
commons-math,remotes/origin/bugs-dot-jar_MATH-848_ad252a8c,Major
commons-math,remotes/origin/bugs-dot-jar_MATH-855_350f726c,Minor
commons-math,remotes/origin/bugs-dot-jar_MATH-855_ac597cc1,Minor
commons-math,remotes/origin/bugs-dot-jar_MATH-859_66dece12,Major
commons-math,remotes/origin/bugs-dot-jar_MATH-864_abe53a53,Major
commons-math,remotes/origin/bugs-dot-jar_MATH-865_b55e0206,Major
commons-math,remotes/origin/bugs-dot-jar_MATH-867_bfbb156d,Major
commons-math,remotes/origin/bugs-dot-jar_MATH-880_2a9cbbab,Major
commons-math,remotes/origin/bugs-dot-jar_MATH-891_2b852d79,Major
commons-math,remotes/origin/bugs-dot-jar_MATH-899_ce126bdb,Minor
commons-math,remotes/origin/bugs-dot-jar_MATH-904_6844aba9,Major
commons-math,remotes/origin/bugs-dot-jar_MATH-924_2836a6f9,Critical
commons-math,remotes/origin/bugs-dot-jar_MATH-924_b07ecae3,Critical
commons-math,remotes/origin/bugs-dot-jar_MATH-927_185e3033,Major
commons-math,remotes/origin/bugs-dot-jar_MATH-929_cedf0d27,Critical
commons-math,remotes/origin/bugs-dot-jar_MATH-934_724795b5,Minor
commons-math,remotes/origin/bugs-dot-jar_MATH-935_48dde378,Minor
commons-math,remotes/origin/bugs-dot-jar_MATH-938_73605560,Major
commons-math,remotes/origin/bugs-dot-jar_MATH-939_49444ee6,Major
commons-math,remotes/origin/bugs-dot-jar_MATH-942_0d057fc6,Major
commons-math,remotes/origin/bugs-dot-jar_MATH-949_f83bbc1d,Major
commons-math,remotes/origin/bugs-dot-jar_MATH-950_424cbd20,Critical
commons-math,remotes/origin/bugs-dot-jar_MATH-957_9aabf587,Major
commons-math,remotes/origin/bugs-dot-jar_MATH-988_d270055e,Major
commons-math,remotes/origin/bugs-dot-jar_MATH-996_86545dab,Minor
flink,remotes/origin/bugs-dot-jar_FLINK-1133_02c08456,Major
flink,remotes/origin/bugs-dot-jar_FLINK-1133_27e40205,Major
flink,remotes/origin/bugs-dot-jar_FLINK-1145_22c370d9,Major
flink,remotes/origin/bugs-dot-jar_FLINK-1167_259f10c0,Minor
flink,remotes/origin/bugs-dot-jar_FLINK-1214_6ecd0f82,Major
flink,remotes/origin/bugs-dot-jar_FLINK-1290_45fb6d82,Major
flink,remotes/origin/bugs-dot-jar_FLINK-1311_94c8e3fa,Major
flink,remotes/origin/bugs-dot-jar_FLINK-1333_63ef8e86,Major
flink,remotes/origin/bugs-dot-jar_FLINK-1382_9cd96df7,Minor
flink,remotes/origin/bugs-dot-jar_FLINK-1437_fb7ce0e3,Major
flink,remotes/origin/bugs-dot-jar_FLINK-1458_91f9bfc7,Major
flink,remotes/origin/bugs-dot-jar_FLINK-1471_d033fa8f,Major
flink,remotes/origin/bugs-dot-jar_FLINK-1496_0a4c7694,Major
flink,remotes/origin/bugs-dot-jar_FLINK-1531_21f47d9c,Minor
flink,remotes/origin/bugs-dot-jar_FLINK-1640_8f321c72,Major
flink,remotes/origin/bugs-dot-jar_FLINK-1686_1f726e48,Critical
flink,remotes/origin/bugs-dot-jar_FLINK-1705_5308ac83,Major
flink,remotes/origin/bugs-dot-jar_FLINK-1761_380ef878,Major
flink,remotes/origin/bugs-dot-jar_FLINK-1820_39d526e6,Critical
flink,remotes/origin/bugs-dot-jar_FLINK-1848_7164b2b6,Critical
flink,remotes/origin/bugs-dot-jar_FLINK-1922_ccd574a4,Major
flink,remotes/origin/bugs-dot-jar_FLINK-1930_4dbf030a,Major
flink,remotes/origin/bugs-dot-jar_FLINK-1951_adb321d6,Critical
flink,remotes/origin/bugs-dot-jar_FLINK-1978_0078c44e,Major
flink,remotes/origin/bugs-dot-jar_FLINK-1985_495a5c3c,Blocker
flink,remotes/origin/bugs-dot-jar_FLINK-2074_6bc6dbec,Blocker
flink,remotes/origin/bugs-dot-jar_FLINK-2082_0cfa43d7,Minor
flink,remotes/origin/bugs-dot-jar_FLINK-2109_d594d024,Major
flink,remotes/origin/bugs-dot-jar_FLINK-2121_03340919,Minor
flink,remotes/origin/bugs-dot-jar_FLINK-2294_fef9f115,Blocker
flink,remotes/origin/bugs-dot-jar_FLINK-2412_a56aad74,Critical
flink,remotes/origin/bugs-dot-jar_FLINK-2437_a41bc8cc,Minor
flink,remotes/origin/bugs-dot-jar_FLINK-2442_30761572,Critical
flink,remotes/origin/bugs-dot-jar_FLINK-2447_5546a1ef,Major
flink,remotes/origin/bugs-dot-jar_FLINK-2460_a17d4e82,Major
flink,remotes/origin/bugs-dot-jar_FLINK-2484_d738430c,Blocker
flink,remotes/origin/bugs-dot-jar_FLINK-2515_06e2da35,Blocker
flink,remotes/origin/bugs-dot-jar_FLINK-2567_948b6e05,Minor
flink,remotes/origin/bugs-dot-jar_FLINK-2658_ce68cbd9,Major
flink,remotes/origin/bugs-dot-jar_FLINK-2707_3e233a38,Major
flink,remotes/origin/bugs-dot-jar_FLINK-2713_63d9800e,Major
flink,remotes/origin/bugs-dot-jar_FLINK-2734_8b40bb7a,Critical
flink,remotes/origin/bugs-dot-jar_FLINK-2754_68912126,Major
flink,remotes/origin/bugs-dot-jar_FLINK-2763_af477563,Major
flink,remotes/origin/bugs-dot-jar_FLINK-2800_b654e989,Major
flink,remotes/origin/bugs-dot-jar_FLINK-2802_88a97768,Blocker
flink,remotes/origin/bugs-dot-jar_FLINK-2812_e494c279,Minor
flink,remotes/origin/bugs-dot-jar_FLINK-2817_5dfc897b,Minor
flink,remotes/origin/bugs-dot-jar_FLINK-2874_17e7b423,Minor
flink,remotes/origin/bugs-dot-jar_FLINK-2964_76bebd42,Critical
flink,remotes/origin/bugs-dot-jar_FLINK-2968_59685903,Major
flink,remotes/origin/bugs-dot-jar_FLINK-3011_5a86a0a1,Critical
flink,remotes/origin/bugs-dot-jar_FLINK-3011_a402002d,Critical
flink,remotes/origin/bugs-dot-jar_FLINK-3052_8dc70f2e,Major
flink,remotes/origin/bugs-dot-jar_FLINK-3107_937963e3,Major
flink,remotes/origin/bugs-dot-jar_FLINK-3189_a5b05566,Minor
flink,remotes/origin/bugs-dot-jar_FLINK-3251_117ba95f,Major
flink,remotes/origin/bugs-dot-jar_FLINK-3256_44061882,Blocker
flink,remotes/origin/bugs-dot-jar_FLINK-3260_6968a57a,Blocker
flink,remotes/origin/bugs-dot-jar_FLINK-3267_ed3810b1,Blocker
flink,remotes/origin/bugs-dot-jar_FLINK-3314_8fc7e7af,Blocker
flink,remotes/origin/bugs-dot-jar_FLINK-3342_8e3e2f8f,Major
flink,remotes/origin/bugs-dot-jar_FLINK-3513_d90672fd,Blocker
flink,remotes/origin/bugs-dot-jar_FLINK-3534_734ba01d,Critical
flink,remotes/origin/bugs-dot-jar_FLINK-3566_434e88fd,Major
flink,remotes/origin/bugs-dot-jar_FLINK-3684_e3759a5e,Major
flink,remotes/origin/bugs-dot-jar_FLINK-3740_f2f5bd5b,Major
flink,remotes/origin/bugs-dot-jar_FLINK-3760_494212b3,Critical
flink,remotes/origin/bugs-dot-jar_FLINK-3762_dc78a747,Major
flink,remotes/origin/bugs-dot-jar_FLINK-996_32a003d5,Major
jackrabbit-oak,remotes/origin/bugs-dot-jar_OAK-1020_83427028,Minor
jackrabbit-oak,remotes/origin/bugs-dot-jar_OAK-1024_2b5d3afb,Major
jackrabbit-oak,remotes/origin/bugs-dot-jar_OAK-1024_e39b4d96,Major
jackrabbit-oak,remotes/origin/bugs-dot-jar_OAK-1024_ecc5bdfd,Major
jackrabbit-oak,remotes/origin/bugs-dot-jar_OAK-1035_b2ca8baa,Major
jackrabbit-oak,remotes/origin/bugs-dot-jar_OAK-1054_0adf3a6e,Major
jackrabbit-oak,remotes/origin/bugs-dot-jar_OAK-1075_79467350,Major
jackrabbit-oak,remotes/origin/bugs-dot-jar_OAK-1076_9238264d,Minor
jackrabbit-oak,remotes/origin/bugs-dot-jar_OAK-1081_4ce4e3c9,Minor
jackrabbit-oak,remotes/origin/bugs-dot-jar_OAK-1093_531aca78,Major
jackrabbit-oak,remotes/origin/bugs-dot-jar_OAK-1093_d7f0f180,Major
jackrabbit-oak,remotes/origin/bugs-dot-jar_OAK-1094_2e20589f,Major
jackrabbit-oak,remotes/origin/bugs-dot-jar_OAK-1096_be44b816,Major
jackrabbit-oak,remotes/origin/bugs-dot-jar_OAK-1104_7ae92779,Major
jackrabbit-oak,remotes/origin/bugs-dot-jar_OAK-1108_a8c925e0,Major
jackrabbit-oak,remotes/origin/bugs-dot-jar_OAK-1111_459bd065,Critical
jackrabbit-oak,remotes/origin/bugs-dot-jar_OAK-1122_5286861d,Minor
jackrabbit-oak,remotes/origin/bugs-dot-jar_OAK-1129_2f95b81f,Minor
jackrabbit-oak,remotes/origin/bugs-dot-jar_OAK-1155_f64e8adc,Major
jackrabbit-oak,remotes/origin/bugs-dot-jar_OAK-1168_c05cec12,Minor
jackrabbit-oak,remotes/origin/bugs-dot-jar_OAK-1173_61c877d8,Blocker
jackrabbit-oak,remotes/origin/bugs-dot-jar_OAK-1174_342809f7,Minor
jackrabbit-oak,remotes/origin/bugs-dot-jar_OAK-1178_84fb6b29,Major
jackrabbit-oak,remotes/origin/bugs-dot-jar_OAK-1178_f2bb1a17,Major
jackrabbit-oak,remotes/origin/bugs-dot-jar_OAK-1184_f72dd8d1,Major
jackrabbit-oak,remotes/origin/bugs-dot-jar_OAK-1186_52372042,Major
jackrabbit-oak,remotes/origin/bugs-dot-jar_OAK-1208_cb3ac20d,Major
jackrabbit-oak,remotes/origin/bugs-dot-jar_OAK-1215_a9efe3c4,Critical
jackrabbit-oak,remotes/origin/bugs-dot-jar_OAK-1216_e403e003,Major
jackrabbit-oak,remotes/origin/bugs-dot-jar_OAK-1225_3535afe2,Major
jackrabbit-oak,remotes/origin/bugs-dot-jar_OAK-1227_117b0a3d,Major
jackrabbit-oak,remotes/origin/bugs-dot-jar_OAK-1235_1beb2a50,Major
jackrabbit-oak,remotes/origin/bugs-dot-jar_OAK-1244_b4a93c81,Minor
jackrabbit-oak,remotes/origin/bugs-dot-jar_OAK-1250_0c3b3306,Major
jackrabbit-oak,remotes/origin/bugs-dot-jar_OAK-1254_25a70439,Major
jackrabbit-oak,remotes/origin/bugs-dot-jar_OAK-1269_b8fe2ded,Major
jackrabbit-oak,remotes/origin/bugs-dot-jar_OAK-1270_70564c7c,Major
jackrabbit-oak,remotes/origin/bugs-dot-jar_OAK-1287_14849e22,Major
jackrabbit-oak,remotes/origin/bugs-dot-jar_OAK-1289_0c3e3d70,Major
jackrabbit-oak,remotes/origin/bugs-dot-jar_OAK-1297_73cc2442,Major
jackrabbit-oak,remotes/origin/bugs-dot-jar_OAK-1308_69ba2a54,Major
jackrabbit-oak,remotes/origin/bugs-dot-jar_OAK-1320_64045631,Major
jackrabbit-oak,remotes/origin/bugs-dot-jar_OAK-1348_bc7b7e8c,Major
jackrabbit-oak,remotes/origin/bugs-dot-jar_OAK-135_438e31a7,Major
jackrabbit-oak,remotes/origin/bugs-dot-jar_OAK-1363_69b68890,Blocker
jackrabbit-oak,remotes/origin/bugs-dot-jar_OAK-1364_05c89637,Major
jackrabbit-oak,remotes/origin/bugs-dot-jar_OAK-1364_b481a14c,Major
jackrabbit-oak,remotes/origin/bugs-dot-jar_OAK-1369_ce0b0955,Major
jackrabbit-oak,remotes/origin/bugs-dot-jar_OAK-1429_279bb3ce,Major
jackrabbit-oak,remotes/origin/bugs-dot-jar_OAK-1429_c2f5ca6c,Major
jackrabbit-oak,remotes/origin/bugs-dot-jar_OAK-1432_808ac9c0,Major
jackrabbit-oak,remotes/origin/bugs-dot-jar_OAK-1460_f1ba7a42,Major
jackrabbit-oak,remotes/origin/bugs-dot-jar_OAK-1467_dde7de85,Major
jackrabbit-oak,remotes/origin/bugs-dot-jar_OAK-1516_7c62bd81,Major
jackrabbit-oak,remotes/origin/bugs-dot-jar_OAK-1614_86edbffb,Major
jackrabbit-oak,remotes/origin/bugs-dot-jar_OAK-1624_6d8146f8,Blocker
jackrabbit-oak,remotes/origin/bugs-dot-jar_OAK-1648_fdc54465,Minor
jackrabbit-oak,remotes/origin/bugs-dot-jar_OAK-1655_01a8b283,Major
jackrabbit-oak,remotes/origin/bugs-dot-jar_OAK-1655_c91bfa54,Major
jackrabbit-oak,remotes/origin/bugs-dot-jar_OAK-1662_3efb5cbf,Blocker
jackrabbit-oak,remotes/origin/bugs-dot-jar_OAK-1668_63070cf9,Major
jackrabbit-oak,remotes/origin/bugs-dot-jar_OAK-1674_073b814c,Major
jackrabbit-oak,remotes/origin/bugs-dot-jar_OAK-1697_1552be04,Minor
jackrabbit-oak,remotes/origin/bugs-dot-jar_OAK-1719_c3773d53,Major
jackrabbit-oak,remotes/origin/bugs-dot-jar_OAK-1727_26041fe7,Major
jackrabbit-oak,remotes/origin/bugs-dot-jar_OAK-1729_7ba9dd66,Blocker
jackrabbit-oak,remotes/origin/bugs-dot-jar_OAK-1731_024e5d37,Major
jackrabbit-oak,remotes/origin/bugs-dot-jar_OAK-1739_8188ef54,Major
jackrabbit-oak,remotes/origin/bugs-dot-jar_OAK-1749_591e4d4a,Blocker
jackrabbit-oak,remotes/origin/bugs-dot-jar_OAK-1761_f37ce716,Critical
jackrabbit-oak,remotes/origin/bugs-dot-jar_OAK-1770_192ee9e4,Critical
jackrabbit-oak,remotes/origin/bugs-dot-jar_OAK-1779_9d36bede,Blocker
jackrabbit-oak,remotes/origin/bugs-dot-jar_OAK-1784_2426deae,Critical
jackrabbit-oak,remotes/origin/bugs-dot-jar_OAK-1788_dd3437d4,Minor
jackrabbit-oak,remotes/origin/bugs-dot-jar_OAK-1789_07646fba,Major
jackrabbit-oak,remotes/origin/bugs-dot-jar_OAK-1789_08ba79d4,Major
jackrabbit-oak,remotes/origin/bugs-dot-jar_OAK-1789_9f7c1df0,Major
jackrabbit-oak,remotes/origin/bugs-dot-jar_OAK-1793_16225d51,Blocker
jackrabbit-oak,remotes/origin/bugs-dot-jar_OAK-1807_077efee5,Minor
jackrabbit-oak,remotes/origin/bugs-dot-jar_OAK-1817_78c37386,Major
jackrabbit-oak,remotes/origin/bugs-dot-jar_OAK-1822_016df669,Major
jackrabbit-oak,remotes/origin/bugs-dot-jar_OAK-1822_3e83a4c1,Major
jackrabbit-oak,remotes/origin/bugs-dot-jar_OAK-1829_ca36450e,Major
jackrabbit-oak,remotes/origin/bugs-dot-jar_OAK-1848_093b9128,Major
jackrabbit-oak,remotes/origin/bugs-dot-jar_OAK-185_7fe28a0e,Minor
jackrabbit-oak,remotes/origin/bugs-dot-jar_OAK-1874_3ae276c1,Major
jackrabbit-oak,remotes/origin/bugs-dot-jar_OAK-1877_716e1237,Critical
jackrabbit-oak,remotes/origin/bugs-dot-jar_OAK-1883_9c2421ed,Major
jackrabbit-oak,remotes/origin/bugs-dot-jar_OAK-1894_35562cce,Major
jackrabbit-oak,remotes/origin/bugs-dot-jar_OAK-1899_b6f89048,Major
jackrabbit-oak,remotes/origin/bugs-dot-jar_OAK-1899_df59fb45,Major
jackrabbit-oak,remotes/origin/bugs-dot-jar_OAK-1916_705ce1d1,Major
jackrabbit-oak,remotes/origin/bugs-dot-jar_OAK-1926_9225a3e2,Major
jackrabbit-oak,remotes/origin/bugs-dot-jar_OAK-1932_913c2f53,Major
jackrabbit-oak,remotes/origin/bugs-dot-jar_OAK-1932_c215b267,Major
jackrabbit-oak,remotes/origin/bugs-dot-jar_OAK-1933_2e16a983,Major
jackrabbit-oak,remotes/origin/bugs-dot-jar_OAK-1959_93c1aa40,Major
jackrabbit-oak,remotes/origin/bugs-dot-jar_OAK-1977_4bfbfcdd,Major
jackrabbit-oak,remotes/origin/bugs-dot-jar_OAK-1985_f620b79b,Major
jackrabbit-oak,remotes/origin/bugs-dot-jar_OAK-2021_004db804,Major
jackrabbit-oak,remotes/origin/bugs-dot-jar_OAK-2029_e30023ba,Major
jackrabbit-oak,remotes/origin/bugs-dot-jar_OAK-2047_a0a495f0,Critical
jackrabbit-oak,remotes/origin/bugs-dot-jar_OAK-2047_ca63fdf3,Critical
jackrabbit-oak,remotes/origin/bugs-dot-jar_OAK-2049_4af0d4ee,Critical
jackrabbit-oak,remotes/origin/bugs-dot-jar_OAK-2062_5c4589bd,Major
jackrabbit-oak,remotes/origin/bugs-dot-jar_OAK-208_daf9a4ef,Major
jackrabbit-oak,remotes/origin/bugs-dot-jar_OAK-2117_c7669f31,Minor
jackrabbit-oak,remotes/origin/bugs-dot-jar_OAK-2147_a1556c30,Major
jackrabbit-oak,remotes/origin/bugs-dot-jar_OAK-2174_5931a4a7,Major
jackrabbit-oak,remotes/origin/bugs-dot-jar_OAK-2219_f2740ce1,Major
jackrabbit-oak,remotes/origin/bugs-dot-jar_OAK-2235_29d3d8f1,Minor
jackrabbit-oak,remotes/origin/bugs-dot-jar_OAK-2238_a28098fd,Major
jackrabbit-oak,remotes/origin/bugs-dot-jar_OAK-2246_dcadb0e1,Major
jackrabbit-oak,remotes/origin/bugs-dot-jar_OAK-2249_6dde8e9d,Major
jackrabbit-oak,remotes/origin/bugs-dot-jar_OAK-2250_08b25cb0,Minor
jackrabbit-oak,remotes/origin/bugs-dot-jar_OAK-225_e33328e0,Minor
jackrabbit-oak,remotes/origin/bugs-dot-jar_OAK-2260_0ac7ff20,Major
jackrabbit-oak,remotes/origin/bugs-dot-jar_OAK-2288_57bd2dc5,Minor
jackrabbit-oak,remotes/origin/bugs-dot-jar_OAK-2308_f4d5bbe1,Major
jackrabbit-oak,remotes/origin/bugs-dot-jar_OAK-2311_ca85ecce,Minor
jackrabbit-oak,remotes/origin/bugs-dot-jar_OAK-2318_1d08cbd3,Minor
jackrabbit-oak,remotes/origin/bugs-dot-jar_OAK-2330_408a566e,Minor
jackrabbit-oak,remotes/origin/bugs-dot-jar_OAK-2336_d0f6715d,Major
jackrabbit-oak,remotes/origin/bugs-dot-jar_OAK-2345_a0dc4c89,Major
jackrabbit-oak,remotes/origin/bugs-dot-jar_OAK-2355_74f22886,Major
jackrabbit-oak,remotes/origin/bugs-dot-jar_OAK-2359_b3071839,Critical
jackrabbit-oak,remotes/origin/bugs-dot-jar_OAK-2363_90ea7aa5,Major
jackrabbit-oak,remotes/origin/bugs-dot-jar_OAK-2388_487de751,Major
jackrabbit-oak,remotes/origin/bugs-dot-jar_OAK-2389_0fa892b3,Major
jackrabbit-oak,remotes/origin/bugs-dot-jar_OAK-2389_7c320b1e,Major
jackrabbit-oak,remotes/origin/bugs-dot-jar_OAK-2389_8079f7b5,Major
jackrabbit-oak,remotes/origin/bugs-dot-jar_OAK-238_24ce6788,Major
jackrabbit-oak,remotes/origin/bugs-dot-jar_OAK-2418_039f892d,Critical
jackrabbit-oak,remotes/origin/bugs-dot-jar_OAK-2420_24cb1908,Critical
jackrabbit-oak,remotes/origin/bugs-dot-jar_OAK-2426_920f32d0,Major
jackrabbit-oak,remotes/origin/bugs-dot-jar_OAK-2427_e6d4f9a6,Major
jackrabbit-oak,remotes/origin/bugs-dot-jar_OAK-2430_be3a9114,Major
jackrabbit-oak,remotes/origin/bugs-dot-jar_OAK-2433_7fca85bf,Major
jackrabbit-oak,remotes/origin/bugs-dot-jar_OAK-2434_8159fc21,Major
jackrabbit-oak,remotes/origin/bugs-dot-jar_OAK-2435_7e250001,Minor
jackrabbit-oak,remotes/origin/bugs-dot-jar_OAK-2439_beaca1a4,Major
jackrabbit-oak,remotes/origin/bugs-dot-jar_OAK-2442_ea7a6199,Major
jackrabbit-oak,remotes/origin/bugs-dot-jar_OAK-2465_60186813,Major
jackrabbit-oak,remotes/origin/bugs-dot-jar_OAK-2524_977a31d8,Minor
jackrabbit-oak,remotes/origin/bugs-dot-jar_OAK-2528_239de7b8,Major
jackrabbit-oak,remotes/origin/bugs-dot-jar_OAK-2559_dfa87520,Major
jackrabbit-oak,remotes/origin/bugs-dot-jar_OAK-2603_77d2d3b0,Major
jackrabbit-oak,remotes/origin/bugs-dot-jar_OAK-2642_36fe017c,Critical
jackrabbit-oak,remotes/origin/bugs-dot-jar_OAK-2649_72d24f4b,Minor
jackrabbit-oak,remotes/origin/bugs-dot-jar_OAK-2691_d2da7499,Blocker
jackrabbit-oak,remotes/origin/bugs-dot-jar_OAK-2695_0598498e,Blocker
jackrabbit-oak,remotes/origin/bugs-dot-jar_OAK-2740_429baf4d,Blocker
jackrabbit-oak,remotes/origin/bugs-dot-jar_OAK-276_1bf5c550,Major
jackrabbit-oak,remotes/origin/bugs-dot-jar_OAK-278_db19e70f,Major
jackrabbit-oak,remotes/origin/bugs-dot-jar_OAK-2799_3979fa8d,Major
jackrabbit-oak,remotes/origin/bugs-dot-jar_OAK-2864_f51ea2a2,Major
jackrabbit-oak,remotes/origin/bugs-dot-jar_OAK-2929_a2950285,Minor
jackrabbit-oak,remotes/origin/bugs-dot-jar_OAK-2933_44585b0c,Major
jackrabbit-oak,remotes/origin/bugs-dot-jar_OAK-296_5449bf39,Major
jackrabbit-oak,remotes/origin/bugs-dot-jar_OAK-2999_3bf07779,Major
jackrabbit-oak,remotes/origin/bugs-dot-jar_OAK-3013_eabb4066,Major
jackrabbit-oak,remotes/origin/bugs-dot-jar_OAK-3019_5135cf4b,Major
jackrabbit-oak,remotes/origin/bugs-dot-jar_OAK-3020_147515ae,Major
jackrabbit-oak,remotes/origin/bugs-dot-jar_OAK-3021_494da6de,Major
jackrabbit-oak,remotes/origin/bugs-dot-jar_OAK-3028_89317b28,Blocker
jackrabbit-oak,remotes/origin/bugs-dot-jar_OAK-3053_7552a10b,Major
jackrabbit-oak,remotes/origin/bugs-dot-jar_OAK-3079_33c18762,Major
jackrabbit-oak,remotes/origin/bugs-dot-jar_OAK-3082_29e5b734,Minor
jackrabbit-oak,remotes/origin/bugs-dot-jar_OAK-3089_ba38c380,Minor
jackrabbit-oak,remotes/origin/bugs-dot-jar_OAK-3099_25850476,Minor
jackrabbit-oak,remotes/origin/bugs-dot-jar_OAK-3104_38f5ef13,Minor
jackrabbit-oak,remotes/origin/bugs-dot-jar_OAK-3105_311e8b33,Critical
jackrabbit-oak,remotes/origin/bugs-dot-jar_OAK-3110_d10362c0,Major
jackrabbit-oak,remotes/origin/bugs-dot-jar_OAK-3123_f3c9c818,Major
jackrabbit-oak,remotes/origin/bugs-dot-jar_OAK-3137_c65b07c3,Major
jackrabbit-oak,remotes/origin/bugs-dot-jar_OAK-313_e115fd90,Minor
jackrabbit-oak,remotes/origin/bugs-dot-jar_OAK-3156_786b3d76,Blocker
jackrabbit-oak,remotes/origin/bugs-dot-jar_OAK-3249_64712735,Major
jackrabbit-oak,remotes/origin/bugs-dot-jar_OAK-3310_4416a9f8,Major
jackrabbit-oak,remotes/origin/bugs-dot-jar_OAK-3318_e12e2052,Minor
jackrabbit-oak,remotes/origin/bugs-dot-jar_OAK-3324_5f863af6,Major
jackrabbit-oak,remotes/origin/bugs-dot-jar_OAK-3333_194999ed,Major
jackrabbit-oak,remotes/origin/bugs-dot-jar_OAK-3367_06812d25,Major
jackrabbit-oak,remotes/origin/bugs-dot-jar_OAK-3377_00b9bc52,Major
jackrabbit-oak,remotes/origin/bugs-dot-jar_OAK-3396_c83755c3,Blocker
jackrabbit-oak,remotes/origin/bugs-dot-jar_OAK-3411_978c77ff,Blocker
jackrabbit-oak,remotes/origin/bugs-dot-jar_OAK-3412_2f85bd78,Major
jackrabbit-oak,remotes/origin/bugs-dot-jar_OAK-3424_f4349a96,Major
jackrabbit-oak,remotes/origin/bugs-dot-jar_OAK-3433_b76b31f7,Critical
jackrabbit-oak,remotes/origin/bugs-dot-jar_OAK-3442_17032c50,Minor
jackrabbit-oak,remotes/origin/bugs-dot-jar_OAK-3474_ff81ef72,Major
jackrabbit-oak,remotes/origin/bugs-dot-jar_OAK-3510_01f5a26f,Major
jackrabbit-oak,remotes/origin/bugs-dot-jar_OAK-3511_5138a1e2,Major
jackrabbit-oak,remotes/origin/bugs-dot-jar_OAK-3517_24f7f60a,Major
jackrabbit-oak,remotes/origin/bugs-dot-jar_OAK-3530_4d231938,Major
jackrabbit-oak,remotes/origin/bugs-dot-jar_OAK-3549_9772f5b2,Major
jackrabbit-oak,remotes/origin/bugs-dot-jar_OAK-3579_2565d74a,Minor
jackrabbit-oak,remotes/origin/bugs-dot-jar_OAK-3630_fcd64766,Minor
jackrabbit-oak,remotes/origin/bugs-dot-jar_OAK-3634_90ad50da,Major
jackrabbit-oak,remotes/origin/bugs-dot-jar_OAK-369_4e245a76,Minor
jackrabbit-oak,remotes/origin/bugs-dot-jar_OAK-3733_a5ff019e,Major
jackrabbit-oak,remotes/origin/bugs-dot-jar_OAK-3763_ab1a0cc2,Major
jackrabbit-oak,remotes/origin/bugs-dot-jar_OAK-3769_306a9e00,Major
jackrabbit-oak,remotes/origin/bugs-dot-jar_OAK-3792_94110f21,Minor
jackrabbit-oak,remotes/origin/bugs-dot-jar_OAK-3798_2ac1dccd,Major
jackrabbit-oak,remotes/origin/bugs-dot-jar_OAK-379_621a5101,Major
jackrabbit-oak,remotes/origin/bugs-dot-jar_OAK-3817_2a02a138,Minor
jackrabbit-oak,remotes/origin/bugs-dot-jar_OAK-3872_c13708e3,Major
jackrabbit-oak,remotes/origin/bugs-dot-jar_OAK-3879_4faf31e3,Major
jackrabbit-oak,remotes/origin/bugs-dot-jar_OAK-3897_94c6c575,Major
jackrabbit-oak,remotes/origin/bugs-dot-jar_OAK-3903_690fb9f4,Major
jackrabbit-oak,remotes/origin/bugs-dot-jar_OAK-3920_99996c25,Minor
jackrabbit-oak,remotes/origin/bugs-dot-jar_OAK-3930_b939aa6e,Major
jackrabbit-oak,remotes/origin/bugs-dot-jar_OAK-395_4ed7bc8e,Major
jackrabbit-oak,remotes/origin/bugs-dot-jar_OAK-395_e6c31270,Major
jackrabbit-oak,remotes/origin/bugs-dot-jar_OAK-4036_f4324736,Major
jackrabbit-oak,remotes/origin/bugs-dot-jar_OAK-4038_557eec4f,Major
jackrabbit-oak,remotes/origin/bugs-dot-jar_OAK-4050_52ca008c,Major
jackrabbit-oak,remotes/origin/bugs-dot-jar_OAK-4066_9a109aa3,Blocker
jackrabbit-oak,remotes/origin/bugs-dot-jar_OAK-4067_56accddf,Critical
jackrabbit-oak,remotes/origin/bugs-dot-jar_OAK-4153_9120fd1b,Critical
jackrabbit-oak,remotes/origin/bugs-dot-jar_OAK-4166_374e3f3d,Major
jackrabbit-oak,remotes/origin/bugs-dot-jar_OAK-4170_2a489d05,Minor
jackrabbit-oak,remotes/origin/bugs-dot-jar_OAK-421_36e70bd7,Major
jackrabbit-oak,remotes/origin/bugs-dot-jar_OAK-428_916cd92f,Major
jackrabbit-oak,remotes/origin/bugs-dot-jar_OAK-4291_cdb34ffc,Critical
jackrabbit-oak,remotes/origin/bugs-dot-jar_OAK-429_c02ecef8,Major
jackrabbit-oak,remotes/origin/bugs-dot-jar_OAK-4300_06c367af,Minor
jackrabbit-oak,remotes/origin/bugs-dot-jar_OAK-4307_f303c916,Major
jackrabbit-oak,remotes/origin/bugs-dot-jar_OAK-4351_59a83d23,Minor
jackrabbit-oak,remotes/origin/bugs-dot-jar_OAK-4353_b0014b7d,Major
jackrabbit-oak,remotes/origin/bugs-dot-jar_OAK-4358_74cbba24,Major
jackrabbit-oak,remotes/origin/bugs-dot-jar_OAK-4359_002c5845,Major
jackrabbit-oak,remotes/origin/bugs-dot-jar_OAK-4376_037dea72,Major
jackrabbit-oak,remotes/origin/bugs-dot-jar_OAK-4387_ca05fd06,Major
jackrabbit-oak,remotes/origin/bugs-dot-jar_OAK-4397_e33516d5,Critical
jackrabbit-oak,remotes/origin/bugs-dot-jar_OAK-43_668f08f2,Major
jackrabbit-oak,remotes/origin/bugs-dot-jar_OAK-4420_d645112f,Major
jackrabbit-oak,remotes/origin/bugs-dot-jar_OAK-4423_08f0b280,Minor
jackrabbit-oak,remotes/origin/bugs-dot-jar_OAK-4423_275eca83,Minor
jackrabbit-oak,remotes/origin/bugs-dot-jar_OAK-4431_7441a3d5,Major
jackrabbit-oak,remotes/origin/bugs-dot-jar_OAK-4432_c9765c21,Minor
jackrabbit-oak,remotes/origin/bugs-dot-jar_OAK-447_00df38d2,Major
jackrabbit-oak,remotes/origin/bugs-dot-jar_OAK-448_999097e1,Major
jackrabbit-oak,remotes/origin/bugs-dot-jar_OAK-478_a7f0e808,Major
jackrabbit-oak,remotes/origin/bugs-dot-jar_OAK-479_3270e761,Major
jackrabbit-oak,remotes/origin/bugs-dot-jar_OAK-47_b62f1c26,Major
jackrabbit-oak,remotes/origin/bugs-dot-jar_OAK-498_f2a2edec,Major
jackrabbit-oak,remotes/origin/bugs-dot-jar_OAK-499_61381ea2,Minor
jackrabbit-oak,remotes/origin/bugs-dot-jar_OAK-509_b896c926,Minor
jackrabbit-oak,remotes/origin/bugs-dot-jar_OAK-510_f63d745a,Major
jackrabbit-oak,remotes/origin/bugs-dot-jar_OAK-520_ec961a38,Major
jackrabbit-oak,remotes/origin/bugs-dot-jar_OAK-531_90c45a02,Major
jackrabbit-oak,remotes/origin/bugs-dot-jar_OAK-537_a8493efc,Minor
jackrabbit-oak,remotes/origin/bugs-dot-jar_OAK-539_ffa818f3,Major
jackrabbit-oak,remotes/origin/bugs-dot-jar_OAK-543_3ce758b7,Major
jackrabbit-oak,remotes/origin/bugs-dot-jar_OAK-546_428e32c6,Major
jackrabbit-oak,remotes/origin/bugs-dot-jar_OAK-548_717186d6,Major
jackrabbit-oak,remotes/origin/bugs-dot-jar_OAK-554_3f51fb09,Major
jackrabbit-oak,remotes/origin/bugs-dot-jar_OAK-579_7d72e6ed,Minor
jackrabbit-oak,remotes/origin/bugs-dot-jar_OAK-596_9b268da0,Major
jackrabbit-oak,remotes/origin/bugs-dot-jar_OAK-606_f0fbacab,Major
jackrabbit-oak,remotes/origin/bugs-dot-jar_OAK-612_df9e6913,Major
jackrabbit-oak,remotes/origin/bugs-dot-jar_OAK-614_6feacf6b,Major
jackrabbit-oak,remotes/origin/bugs-dot-jar_OAK-621_00b4b8a0,Major
jackrabbit-oak,remotes/origin/bugs-dot-jar_OAK-642_7a84b3a8,Minor
jackrabbit-oak,remotes/origin/bugs-dot-jar_OAK-644_55a4f738,Minor
jackrabbit-oak,remotes/origin/bugs-dot-jar_OAK-678_6c54045d,Major
jackrabbit-oak,remotes/origin/bugs-dot-jar_OAK-738_8ed779dc,Major
jackrabbit-oak,remotes/origin/bugs-dot-jar_OAK-740_35a7f014,Major
jackrabbit-oak,remotes/origin/bugs-dot-jar_OAK-748_503451c1,Major
jackrabbit-oak,remotes/origin/bugs-dot-jar_OAK-766_6fc5ea9d,Major
jackrabbit-oak,remotes/origin/bugs-dot-jar_OAK-782_45b110e1,Major
jackrabbit-oak,remotes/origin/bugs-dot-jar_OAK-846_7acb091a,Minor
jackrabbit-oak,remotes/origin/bugs-dot-jar_OAK-847_65aa40dd,Minor
jackrabbit-oak,remotes/origin/bugs-dot-jar_OAK-888_6d82cb64,Major
jackrabbit-oak,remotes/origin/bugs-dot-jar_OAK-926_e1ae968c,Major
jackrabbit-oak,remotes/origin/bugs-dot-jar_OAK-93_0be7e8f0,Major
logging-log4j2,remotes/origin/bugs-dot-jar_LOG4J2-1008_0c20bfd8,Major
logging-log4j2,remotes/origin/bugs-dot-jar_LOG4J2-101_c79a743b,Major
logging-log4j2,remotes/origin/bugs-dot-jar_LOG4J2-1025_a96b455c,Major
logging-log4j2,remotes/origin/bugs-dot-jar_LOG4J2-102_7f391872,Critical
logging-log4j2,remotes/origin/bugs-dot-jar_LOG4J2-1046_11960820,Major
logging-log4j2,remotes/origin/bugs-dot-jar_LOG4J2-104_3b12e13d,Major
logging-log4j2,remotes/origin/bugs-dot-jar_LOG4J2-1058_c8fd3c53,Minor
logging-log4j2,remotes/origin/bugs-dot-jar_LOG4J2-1061_86d8944f,Major
logging-log4j2,remotes/origin/bugs-dot-jar_LOG4J2-1062_4cf831b6,Major
logging-log4j2,remotes/origin/bugs-dot-jar_LOG4J2-1067_4786a739,Minor
logging-log4j2,remotes/origin/bugs-dot-jar_LOG4J2-1068_e7bbeceb,Major
logging-log4j2,remotes/origin/bugs-dot-jar_LOG4J2-1069_e9b628ec,Minor
logging-log4j2,remotes/origin/bugs-dot-jar_LOG4J2-107_88641f49,Major
logging-log4j2,remotes/origin/bugs-dot-jar_LOG4J2-1099_3f41ff48,Critical
logging-log4j2,remotes/origin/bugs-dot-jar_LOG4J2-113_fc3e9d2d,Major
logging-log4j2,remotes/origin/bugs-dot-jar_LOG4J2-114_afcf92eb,Major
logging-log4j2,remotes/origin/bugs-dot-jar_LOG4J2-1153_8acedb4e,Major
logging-log4j2,remotes/origin/bugs-dot-jar_LOG4J2-1153_9f924f10,Major
logging-log4j2,remotes/origin/bugs-dot-jar_LOG4J2-1251_424068f7,Major
logging-log4j2,remotes/origin/bugs-dot-jar_LOG4J2-127_029e79da,Major
logging-log4j2,remotes/origin/bugs-dot-jar_LOG4J2-1310_c6318b63,Major
logging-log4j2,remotes/origin/bugs-dot-jar_LOG4J2-1372_1d12bf0e,Minor
logging-log4j2,remotes/origin/bugs-dot-jar_LOG4J2-1372_ffedf33f,Minor
logging-log4j2,remotes/origin/bugs-dot-jar_LOG4J2-139_50e19247,Major
logging-log4j2,remotes/origin/bugs-dot-jar_LOG4J2-1402_7792679c,Major
logging-log4j2,remotes/origin/bugs-dot-jar_LOG4J2-1406_a523dcd5,Critical
logging-log4j2,remotes/origin/bugs-dot-jar_LOG4J2-143_1461f1f6,Major
logging-log4j2,remotes/origin/bugs-dot-jar_LOG4J2-147_17296089,Major
logging-log4j2,remotes/origin/bugs-dot-jar_LOG4J2-177_f91ce934,Major
logging-log4j2,remotes/origin/bugs-dot-jar_LOG4J2-210_aeb6fc9d,Major
logging-log4j2,remotes/origin/bugs-dot-jar_LOG4J2-219_ed951c76,Major
logging-log4j2,remotes/origin/bugs-dot-jar_LOG4J2-234_2d7d6311,Major
logging-log4j2,remotes/origin/bugs-dot-jar_LOG4J2-258_7b38965d,Major
logging-log4j2,remotes/origin/bugs-dot-jar_LOG4J2-259_09175c8b,Major
logging-log4j2,remotes/origin/bugs-dot-jar_LOG4J2-260_9d817953,Major
logging-log4j2,remotes/origin/bugs-dot-jar_LOG4J2-268_8faf7f77,Major
logging-log4j2,remotes/origin/bugs-dot-jar_LOG4J2-293_25cb587a,Major
logging-log4j2,remotes/origin/bugs-dot-jar_LOG4J2-293_ca59ece6,Major
logging-log4j2,remotes/origin/bugs-dot-jar_LOG4J2-302_300bc575,Major
logging-log4j2,remotes/origin/bugs-dot-jar_LOG4J2-310_3f1e0fdc,Major
logging-log4j2,remotes/origin/bugs-dot-jar_LOG4J2-344_8dead3bb,Major
logging-log4j2,remotes/origin/bugs-dot-jar_LOG4J2-359_1df1db27,Major
logging-log4j2,remotes/origin/bugs-dot-jar_LOG4J2-359_296ea4a5,Major
logging-log4j2,remotes/origin/bugs-dot-jar_LOG4J2-368_a8a24357,Major
logging-log4j2,remotes/origin/bugs-dot-jar_LOG4J2-378_ef8517e4,Major
logging-log4j2,remotes/origin/bugs-dot-jar_LOG4J2-385_7c2ce5cf,Major
logging-log4j2,remotes/origin/bugs-dot-jar_LOG4J2-392_731c84b5,Major
logging-log4j2,remotes/origin/bugs-dot-jar_LOG4J2-395_a19ecc9e,Major
logging-log4j2,remotes/origin/bugs-dot-jar_LOG4J2-398_2c966ad9,Major
logging-log4j2,remotes/origin/bugs-dot-jar_LOG4J2-410_8f0c4871,Major
logging-log4j2,remotes/origin/bugs-dot-jar_LOG4J2-430_238ce8aa,Major
logging-log4j2,remotes/origin/bugs-dot-jar_LOG4J2-447_0343e9c7,Major
logging-log4j2,remotes/origin/bugs-dot-jar_LOG4J2-464_484c865f,Major
logging-log4j2,remotes/origin/bugs-dot-jar_LOG4J2-466_7b9e48e8,Trivial
logging-log4j2,remotes/origin/bugs-dot-jar_LOG4J2-470_50340d0c,Minor
logging-log4j2,remotes/origin/bugs-dot-jar_LOG4J2-478_11763dee,Major
logging-log4j2,remotes/origin/bugs-dot-jar_LOG4J2-492_24a3bed4,Minor
logging-log4j2,remotes/origin/bugs-dot-jar_LOG4J2-492_61ccbb95,Minor
logging-log4j2,remotes/origin/bugs-dot-jar_LOG4J2-492_a759d8ae,Minor
logging-log4j2,remotes/origin/bugs-dot-jar_LOG4J2-523_837dcd89,Major
logging-log4j2,remotes/origin/bugs-dot-jar_LOG4J2-56_3eb44094,Minor
logging-log4j2,remotes/origin/bugs-dot-jar_LOG4J2-581_bb02fa15,Major
logging-log4j2,remotes/origin/bugs-dot-jar_LOG4J2-619_3b4b370e,Critical
logging-log4j2,remotes/origin/bugs-dot-jar_LOG4J2-639_a5a1f1a2,Major
logging-log4j2,remotes/origin/bugs-dot-jar_LOG4J2-668_60f64cc1,Minor
logging-log4j2,remotes/origin/bugs-dot-jar_LOG4J2-676_3b2e880e,Major
logging-log4j2,remotes/origin/bugs-dot-jar_LOG4J2-71_2afe3dff,Major
logging-log4j2,remotes/origin/bugs-dot-jar_LOG4J2-742_4b77622b,Major
logging-log4j2,remotes/origin/bugs-dot-jar_LOG4J2-763_97203de8,Major
logging-log4j2,remotes/origin/bugs-dot-jar_LOG4J2-763_b2ec5106,Major
logging-log4j2,remotes/origin/bugs-dot-jar_LOG4J2-793_73400bfb,Minor
logging-log4j2,remotes/origin/bugs-dot-jar_LOG4J2-811_7bb1ad47,Major
logging-log4j2,remotes/origin/bugs-dot-jar_LOG4J2-813_0bea17d7,Minor
logging-log4j2,remotes/origin/bugs-dot-jar_LOG4J2-832_411dad65,Blocker
logging-log4j2,remotes/origin/bugs-dot-jar_LOG4J2-834_d3989b40,Major
logging-log4j2,remotes/origin/bugs-dot-jar_LOG4J2-892_f9b0bbee,Major
logging-log4j2,remotes/origin/bugs-dot-jar_LOG4J2-914_f8a42197,Minor
logging-log4j2,remotes/origin/bugs-dot-jar_LOG4J2-94_d8af1c93,Major
logging-log4j2,remotes/origin/bugs-dot-jar_LOG4J2-964_16ad8763,Major
logging-log4j2,remotes/origin/bugs-dot-jar_LOG4J2-965_43517f15,Critical
logging-log4j2,remotes/origin/bugs-dot-jar_LOG4J2-991_3cee912e,Major
maven,remotes/origin/bugs-dot-jar_MNG-1205_1bdeeccc,Major
maven,remotes/origin/bugs-dot-jar_MNG-1509_4e955c05,Major
maven,remotes/origin/bugs-dot-jar_MNG-1703_b68c84b8,Major
maven,remotes/origin/bugs-dot-jar_MNG-1797_5d99b35c,Major
maven,remotes/origin/bugs-dot-jar_MNG-1856_faa5cf27,Minor
maven,remotes/origin/bugs-dot-jar_MNG-1895_24db0eb9,Blocker
maven,remotes/origin/bugs-dot-jar_MNG-1895_806eaeb0,Blocker
maven,remotes/origin/bugs-dot-jar_MNG-1999_ad38e46b,Major
maven,remotes/origin/bugs-dot-jar_MNG-2174_778f044e,Major
maven,remotes/origin/bugs-dot-jar_MNG-2221_cc859f5c,Critical
maven,remotes/origin/bugs-dot-jar_MNG-2281_f0fcef7e,Major
maven,remotes/origin/bugs-dot-jar_MNG-2408_b92af0e4,Blocker
maven,remotes/origin/bugs-dot-jar_MNG-2712_06090da4,Major
maven,remotes/origin/bugs-dot-jar_MNG-2931_d7422212,Major
maven,remotes/origin/bugs-dot-jar_MNG-3092_5ffd8903,Major
maven,remotes/origin/bugs-dot-jar_MNG-3131_56cd921f,Major
maven,remotes/origin/bugs-dot-jar_MNG-3131_f6f4ef5e,Major
maven,remotes/origin/bugs-dot-jar_MNG-3616_912a565f,Major
maven,remotes/origin/bugs-dot-jar_MNG-3991_2169c4a3,Minor
maven,remotes/origin/bugs-dot-jar_MNG-4383_0f3d4d24,Major
maven,remotes/origin/bugs-dot-jar_MNG-4474_269c956e,Major
maven,remotes/origin/bugs-dot-jar_MNG-4512_8cb04253,Major
maven,remotes/origin/bugs-dot-jar_MNG-4518_f5ebc72d,Major
maven,remotes/origin/bugs-dot-jar_MNG-4529_03a383e3,Major
maven,remotes/origin/bugs-dot-jar_MNG-4565_c6529932,Major
maven,remotes/origin/bugs-dot-jar_MNG-4648_83389c34,Major
maven,remotes/origin/bugs-dot-jar_MNG-4695_bb39b480,Major
maven,remotes/origin/bugs-dot-jar_MNG-4761_8cdb461f,Major
maven,remotes/origin/bugs-dot-jar_MNG-4837_3fca2bb2,Minor
maven,remotes/origin/bugs-dot-jar_MNG-4915_1c3abfba,Major
maven,remotes/origin/bugs-dot-jar_MNG-4918_691a03a7,Major
maven,remotes/origin/bugs-dot-jar_MNG-4933_469d0096,Major
maven,remotes/origin/bugs-dot-jar_MNG-4941_c4002945,Major
maven,remotes/origin/bugs-dot-jar_MNG-5003_a7d9b689,Major
maven,remotes/origin/bugs-dot-jar_MNG-5075_2eb419ed,Major
maven,remotes/origin/bugs-dot-jar_MNG-5209_87884c7b,Minor
maven,remotes/origin/bugs-dot-jar_MNG-5209_ed651a4d,Minor
maven,remotes/origin/bugs-dot-jar_MNG-5212_712c4fff,Major
maven,remotes/origin/bugs-dot-jar_MNG-5212_c53d95ce,Major
maven,remotes/origin/bugs-dot-jar_MNG-5459_c225847e,Major
maven,remotes/origin/bugs-dot-jar_MNG-5613_bef7fac6,Major
maven,remotes/origin/bugs-dot-jar_MNG-5645_af1ecd5f,Trivial
maven,remotes/origin/bugs-dot-jar_MNG-5647_cdb8ad6d,Minor
maven,remotes/origin/bugs-dot-jar_MNG-5655_96337372,Major
maven,remotes/origin/bugs-dot-jar_MNG-5687_3d2d8619,Major
maven,remotes/origin/bugs-dot-jar_MNG-5716_2d0ec942,Minor
maven,remotes/origin/bugs-dot-jar_MNG-5727_ce6f0bfd,Major
maven,remotes/origin/bugs-dot-jar_MNG-5742_6ab41ee8,Major
wicket,remotes/origin/bugs-dot-jar_WICKET-128_7e1000dd,Major
wicket,remotes/origin/bugs-dot-jar_WICKET-1619_b154d12f,Major
wicket,remotes/origin/bugs-dot-jar_WICKET-1677_01a3dd66,Major
wicket,remotes/origin/bugs-dot-jar_WICKET-16_3431e60d,Major
wicket,remotes/origin/bugs-dot-jar_WICKET-16_6c5083b4,Major
wicket,remotes/origin/bugs-dot-jar_WICKET-1718_bb7f9cf5,Major
wicket,remotes/origin/bugs-dot-jar_WICKET-172_99e22ce4,Major
wicket,remotes/origin/bugs-dot-jar_WICKET-1886_5226978a,Major
wicket,remotes/origin/bugs-dot-jar_WICKET-1897_8ee095bf,Major
wicket,remotes/origin/bugs-dot-jar_WICKET-1931_986848f7,Major
wicket,remotes/origin/bugs-dot-jar_WICKET-2033_420ac965,Minor
wicket,remotes/origin/bugs-dot-jar_WICKET-2057_e2d88568,Major
wicket,remotes/origin/bugs-dot-jar_WICKET-2060_0578d6ee,Major
wicket,remotes/origin/bugs-dot-jar_WICKET-2065_9da430fb,Major
wicket,remotes/origin/bugs-dot-jar_WICKET-2079_ceac38b1,Minor
wicket,remotes/origin/bugs-dot-jar_WICKET-208_b224bad8,Minor
wicket,remotes/origin/bugs-dot-jar_WICKET-2172_ea4a3f8a,Minor
wicket,remotes/origin/bugs-dot-jar_WICKET-2181_d79d0192,Major
wicket,remotes/origin/bugs-dot-jar_WICKET-2202_24ac1a35,Major
wicket,remotes/origin/bugs-dot-jar_WICKET-2261_089303f4,Major
wicket,remotes/origin/bugs-dot-jar_WICKET-2281_6e0b40bc,Major
wicket,remotes/origin/bugs-dot-jar_WICKET-2334_96330447,Major
wicket,remotes/origin/bugs-dot-jar_WICKET-2337_36a41358,Major
wicket,remotes/origin/bugs-dot-jar_WICKET-2350_cd281092,Major
wicket,remotes/origin/bugs-dot-jar_WICKET-2368_fae1601b,Major
wicket,remotes/origin/bugs-dot-jar_WICKET-2506_0f8a2990,Major
wicket,remotes/origin/bugs-dot-jar_WICKET-2552_12e1f39b,Major
wicket,remotes/origin/bugs-dot-jar_WICKET-2569_9ced53a5,Major
wicket,remotes/origin/bugs-dot-jar_WICKET-2609_7da4ad17,Major
wicket,remotes/origin/bugs-dot-jar_WICKET-2621_c849f986,Major
wicket,remotes/origin/bugs-dot-jar_WICKET-2624_ef880545,Major
wicket,remotes/origin/bugs-dot-jar_WICKET-2839_15477252,Major
wicket,remotes/origin/bugs-dot-jar_WICKET-2882_ebe56869,Major
wicket,remotes/origin/bugs-dot-jar_WICKET-2900_0e70ce39,Minor
wicket,remotes/origin/bugs-dot-jar_WICKET-294_5c592d85,Major
wicket,remotes/origin/bugs-dot-jar_WICKET-2961_3d8c9d75,Major
wicket,remotes/origin/bugs-dot-jar_WICKET-2993_0b4f78cc,Major
wicket,remotes/origin/bugs-dot-jar_WICKET-3065_b293b75c,Major
wicket,remotes/origin/bugs-dot-jar_WICKET-3076_d3dc9a50,Major
wicket,remotes/origin/bugs-dot-jar_WICKET-3098_1b7afefc,Major
wicket,remotes/origin/bugs-dot-jar_WICKET-3166_4d7f7359,Major
wicket,remotes/origin/bugs-dot-jar_WICKET-3174_0cf14725,Major
wicket,remotes/origin/bugs-dot-jar_WICKET-3196_f1c0f263,Minor
wicket,remotes/origin/bugs-dot-jar_WICKET-3197_be70e608,Major
wicket,remotes/origin/bugs-dot-jar_WICKET-3222_5729ed90,Major
wicket,remotes/origin/bugs-dot-jar_WICKET-3253_71b6e905,Major
wicket,remotes/origin/bugs-dot-jar_WICKET-3272_c86b972a,Major
wicket,remotes/origin/bugs-dot-jar_WICKET-3278_60d07288,Major
wicket,remotes/origin/bugs-dot-jar_WICKET-3280_295e73bd,Major
wicket,remotes/origin/bugs-dot-jar_WICKET-3297_71499e17,Major
wicket,remotes/origin/bugs-dot-jar_WICKET-3304_7e7ab76c,Minor
wicket,remotes/origin/bugs-dot-jar_WICKET-3309_debca73b,Major
wicket,remotes/origin/bugs-dot-jar_WICKET-3333_ddf7e8a2,Critical
wicket,remotes/origin/bugs-dot-jar_WICKET-3413_499a9c6b,Major
wicket,remotes/origin/bugs-dot-jar_WICKET-3420_be97d017,Minor
wicket,remotes/origin/bugs-dot-jar_WICKET-3428_ffc0cae9,Major
wicket,remotes/origin/bugs-dot-jar_WICKET-3454_f1e854b3,Major
wicket,remotes/origin/bugs-dot-jar_WICKET-3455_f30bd1cb,Major
wicket,remotes/origin/bugs-dot-jar_WICKET-3510_292a2582,Major
wicket,remotes/origin/bugs-dot-jar_WICKET-3511_4a875f46,Major
wicket,remotes/origin/bugs-dot-jar_WICKET-3514_2b6da516,Major
wicket,remotes/origin/bugs-dot-jar_WICKET-3520_d1b62639,Major
wicket,remotes/origin/bugs-dot-jar_WICKET-3539_a4459ef4,Major
wicket,remotes/origin/bugs-dot-jar_WICKET-3563_c62b66c1,Major
wicket,remotes/origin/bugs-dot-jar_WICKET-3597_5e2c6702,Major
wicket,remotes/origin/bugs-dot-jar_WICKET-3598_7c364566,Major
wicket,remotes/origin/bugs-dot-jar_WICKET-3603_aa1d177a,Major
wicket,remotes/origin/bugs-dot-jar_WICKET-3617_7ae109a6,Major
wicket,remotes/origin/bugs-dot-jar_WICKET-3618_fbfd17e6,Major
wicket,remotes/origin/bugs-dot-jar_WICKET-3620_1a2bc1bc,Major
wicket,remotes/origin/bugs-dot-jar_WICKET-3644_ab1856db,Major
wicket,remotes/origin/bugs-dot-jar_WICKET-3646_12124902,Minor
wicket,remotes/origin/bugs-dot-jar_WICKET-3647_1b57b51c,Major
wicket,remotes/origin/bugs-dot-jar_WICKET-3702_a08562a7,Major
wicket,remotes/origin/bugs-dot-jar_WICKET-3713_e1168a57,Minor
wicket,remotes/origin/bugs-dot-jar_WICKET-3715_557de7bc,Trivial
wicket,remotes/origin/bugs-dot-jar_WICKET-3719_5ad32df9,Major
wicket,remotes/origin/bugs-dot-jar_WICKET-3721_1858bc18,Major
wicket,remotes/origin/bugs-dot-jar_WICKET-3764_48454f4d,Major
wicket,remotes/origin/bugs-dot-jar_WICKET-3767_84c3baac,Major
wicket,remotes/origin/bugs-dot-jar_WICKET-3769_b4e9d426,Major
wicket,remotes/origin/bugs-dot-jar_WICKET-3834_30255f11,Major
wicket,remotes/origin/bugs-dot-jar_WICKET-3834_747bccb5,Major
wicket,remotes/origin/bugs-dot-jar_WICKET-3836_843b76b1,Major
wicket,remotes/origin/bugs-dot-jar_WICKET-3838_97514205,Major
wicket,remotes/origin/bugs-dot-jar_WICKET-3845_afc7034d,Major
wicket,remotes/origin/bugs-dot-jar_WICKET-3861_d1e0e411,Minor
wicket,remotes/origin/bugs-dot-jar_WICKET-3872_3feb0e3a,Major
wicket,remotes/origin/bugs-dot-jar_WICKET-3884_b772ff87,Trivial
wicket,remotes/origin/bugs-dot-jar_WICKET-3885_beb9086d,Major
wicket,remotes/origin/bugs-dot-jar_WICKET-3906_aadaa4e9,Major
wicket,remotes/origin/bugs-dot-jar_WICKET-3931_8fbdc68f,Major
wicket,remotes/origin/bugs-dot-jar_WICKET-3965_6051019b,Major
wicket,remotes/origin/bugs-dot-jar_WICKET-3989_6a8fc1cc,Major
wicket,remotes/origin/bugs-dot-jar_WICKET-3998_b76f9c44,Minor
wicket,remotes/origin/bugs-dot-jar_WICKET-4000_38e928c1,Major
wicket,remotes/origin/bugs-dot-jar_WICKET-4012_d35d2d85,Major
wicket,remotes/origin/bugs-dot-jar_WICKET-4014_e60bac5f,Major
wicket,remotes/origin/bugs-dot-jar_WICKET-4016_f1c9cef2,Major
wicket,remotes/origin/bugs-dot-jar_WICKET-4020_081cdeb2,Major
wicket,remotes/origin/bugs-dot-jar_WICKET-4030_5f69685d,Minor
wicket,remotes/origin/bugs-dot-jar_WICKET-4038_f3d7565c,Major
wicket,remotes/origin/bugs-dot-jar_WICKET-4066_4d3d1f85,Major
wicket,remotes/origin/bugs-dot-jar_WICKET-4070_d450acb0,Major
wicket,remotes/origin/bugs-dot-jar_WICKET-4072_7d5b8645,Major
wicket,remotes/origin/bugs-dot-jar_WICKET-4099_1dcaec98,Minor
wicket,remotes/origin/bugs-dot-jar_WICKET-4102_e743fd7e,Major
wicket,remotes/origin/bugs-dot-jar_WICKET-4105_64656c98,Major
wicket,remotes/origin/bugs-dot-jar_WICKET-4109_8f7805f8,Major
wicket,remotes/origin/bugs-dot-jar_WICKET-4116_4624ab3d,Major
wicket,remotes/origin/bugs-dot-jar_WICKET-4119_bb7a6995,Major
wicket,remotes/origin/bugs-dot-jar_WICKET-4121_8967eb2b,Major
wicket,remotes/origin/bugs-dot-jar_WICKET-4138_7c89598a,Major
wicket,remotes/origin/bugs-dot-jar_WICKET-4153_2737d7c7,Trivial
wicket,remotes/origin/bugs-dot-jar_WICKET-4173_84bbbf68,Major
wicket,remotes/origin/bugs-dot-jar_WICKET-4184_a0150366,Major
wicket,remotes/origin/bugs-dot-jar_WICKET-4185_5fd03973,Major
wicket,remotes/origin/bugs-dot-jar_WICKET-4251_53bcb78d,Major
wicket,remotes/origin/bugs-dot-jar_WICKET-4255_c250db9c,Major
wicket,remotes/origin/bugs-dot-jar_WICKET-4256_09166ea8,Major
wicket,remotes/origin/bugs-dot-jar_WICKET-4259_1f128536,Minor
wicket,remotes/origin/bugs-dot-jar_WICKET-4260_925cae5c,Major
wicket,remotes/origin/bugs-dot-jar_WICKET-4276_32c76c4a,Major
wicket,remotes/origin/bugs-dot-jar_WICKET-428_4a6a573b,Trivial
wicket,remotes/origin/bugs-dot-jar_WICKET-428_d906576c,Trivial
wicket,remotes/origin/bugs-dot-jar_WICKET-4290_e1953357,Major
wicket,remotes/origin/bugs-dot-jar_WICKET-4292_9cb617ae,Major
wicket,remotes/origin/bugs-dot-jar_WICKET-4301_50b52742,Minor
wicket,remotes/origin/bugs-dot-jar_WICKET-4309_b4274415,Major
wicket,remotes/origin/bugs-dot-jar_WICKET-4323_e24874da,Minor
wicket,remotes/origin/bugs-dot-jar_WICKET-4338_9decad35,Minor
wicket,remotes/origin/bugs-dot-jar_WICKET-4345_4f08e6f2,Major
wicket,remotes/origin/bugs-dot-jar_WICKET-4358_02ebc8ae,Major
wicket,remotes/origin/bugs-dot-jar_WICKET-4365_1485a856,Major
wicket,remotes/origin/bugs-dot-jar_WICKET-4370_7ca927c1,Minor
wicket,remotes/origin/bugs-dot-jar_WICKET-4379_7a162f77,Minor
wicket,remotes/origin/bugs-dot-jar_WICKET-4384_614e3b50,Major
wicket,remotes/origin/bugs-dot-jar_WICKET-4391_5d64196a,Minor
wicket,remotes/origin/bugs-dot-jar_WICKET-4398_f88721fd,Major
wicket,remotes/origin/bugs-dot-jar_WICKET-442_246d53c5,Major
wicket,remotes/origin/bugs-dot-jar_WICKET-4441_54c86ebb,Major
wicket,remotes/origin/bugs-dot-jar_WICKET-4477_2624d2db,Major
wicket,remotes/origin/bugs-dot-jar_WICKET-4483_53442bb4,Major
wicket,remotes/origin/bugs-dot-jar_WICKET-4488_e6582c52,Major
wicket,remotes/origin/bugs-dot-jar_WICKET-4494_35843c19,Major
wicket,remotes/origin/bugs-dot-jar_WICKET-4505_a4caaa57,Major
wicket,remotes/origin/bugs-dot-jar_WICKET-4509_b672cb2d,Major
wicket,remotes/origin/bugs-dot-jar_WICKET-4511_4ee5ad1f,Major
wicket,remotes/origin/bugs-dot-jar_WICKET-4518_a88882f7,Major
wicket,remotes/origin/bugs-dot-jar_WICKET-4519_e62ded51,Minor
wicket,remotes/origin/bugs-dot-jar_WICKET-4520_b91154ea,Major
wicket,remotes/origin/bugs-dot-jar_WICKET-4520_ccb8fc9e,Major
wicket,remotes/origin/bugs-dot-jar_WICKET-4548_9a6a06be,Major
wicket,remotes/origin/bugs-dot-jar_WICKET-4572_dfc56674,Critical
wicket,remotes/origin/bugs-dot-jar_WICKET-4578_c66cf607,Minor
wicket,remotes/origin/bugs-dot-jar_WICKET-4594_556a2236,Major
wicket,remotes/origin/bugs-dot-jar_WICKET-4594_5e1bf8d8,Major
wicket,remotes/origin/bugs-dot-jar_WICKET-4597_9dab1bb5,Major
wicket,remotes/origin/bugs-dot-jar_WICKET-4610_b19a3d69,Major
wicket,remotes/origin/bugs-dot-jar_WICKET-4616_dd1df04b,Major
wicket,remotes/origin/bugs-dot-jar_WICKET-4658_ef3adb12,Trivial
wicket,remotes/origin/bugs-dot-jar_WICKET-4659_ccd74641,Major
wicket,remotes/origin/bugs-dot-jar_WICKET-4664_2fcb3417,Major
wicket,remotes/origin/bugs-dot-jar_WICKET-4679_f3ec1503,Major
wicket,remotes/origin/bugs-dot-jar_WICKET-4686_89184b79,Major
wicket,remotes/origin/bugs-dot-jar_WICKET-4696_f5f802c5,Major
wicket,remotes/origin/bugs-dot-jar_WICKET-4715_4fc82e35,Major
wicket,remotes/origin/bugs-dot-jar_WICKET-4717_6a1b2f61,Minor
wicket,remotes/origin/bugs-dot-jar_WICKET-4738_a7ce7f91,Minor
wicket,remotes/origin/bugs-dot-jar_WICKET-4753_21a47387,Major
wicket,remotes/origin/bugs-dot-jar_WICKET-4755_87ae870f,Major
wicket,remotes/origin/bugs-dot-jar_WICKET-4757_fd910746,Major
wicket,remotes/origin/bugs-dot-jar_WICKET-4760_2f1ece4b,Major
wicket,remotes/origin/bugs-dot-jar_WICKET-4766_cda34428,Major
wicket,remotes/origin/bugs-dot-jar_WICKET-4775_1ac05533,Major
wicket,remotes/origin/bugs-dot-jar_WICKET-4777_eccb3b11,Minor
wicket,remotes/origin/bugs-dot-jar_WICKET-4789_6f0863f4,Critical
wicket,remotes/origin/bugs-dot-jar_WICKET-4816_66bfc885,Major
wicket,remotes/origin/bugs-dot-jar_WICKET-4824_ad849602,Major
wicket,remotes/origin/bugs-dot-jar_WICKET-4839_8b294488,Major
wicket,remotes/origin/bugs-dot-jar_WICKET-4841_ce172da8,Major
wicket,remotes/origin/bugs-dot-jar_WICKET-4877_6470c3f7,Minor
wicket,remotes/origin/bugs-dot-jar_WICKET-4923_d78132be,Major
wicket,remotes/origin/bugs-dot-jar_WICKET-4927_8c827e33,Major
wicket,remotes/origin/bugs-dot-jar_WICKET-4932_f20b2d70,Major
wicket,remotes/origin/bugs-dot-jar_WICKET-4988_a4a3a9a6,Major
wicket,remotes/origin/bugs-dot-jar_WICKET-4997_ee02c883,Major
wicket,remotes/origin/bugs-dot-jar_WICKET-5019_917dd2b5,Minor
wicket,remotes/origin/bugs-dot-jar_WICKET-5043_2b1ce91d,Major
wicket,remotes/origin/bugs-dot-jar_WICKET-5056_56169634,Major
wicket,remotes/origin/bugs-dot-jar_WICKET-5060_8e6a6ec5,Minor
wicket,remotes/origin/bugs-dot-jar_WICKET-5071_6e794ad0,Major
wicket,remotes/origin/bugs-dot-jar_WICKET-5071_a2f848f2,Major
wicket,remotes/origin/bugs-dot-jar_WICKET-5071_d3d42d42,Major
wicket,remotes/origin/bugs-dot-jar_WICKET-5071_faaae8d3,Major
wicket,remotes/origin/bugs-dot-jar_WICKET-5072_381b90fd,Major
wicket,remotes/origin/bugs-dot-jar_WICKET-5082_217fbb3b,Major
wicket,remotes/origin/bugs-dot-jar_WICKET-5085_581c7306,Major
wicket,remotes/origin/bugs-dot-jar_WICKET-5086_ba516f02,Major
wicket,remotes/origin/bugs-dot-jar_WICKET-5094_74e77676,Major
wicket,remotes/origin/bugs-dot-jar_WICKET-5102_d110e307,Major
wicket,remotes/origin/bugs-dot-jar_WICKET-5112_ed780cc7,Major
wicket,remotes/origin/bugs-dot-jar_WICKET-5114_518c933b,Major
wicket,remotes/origin/bugs-dot-jar_WICKET-5131_4b7367ef,Major
wicket,remotes/origin/bugs-dot-jar_WICKET-5138_e8dab4a0,Major
wicket,remotes/origin/bugs-dot-jar_WICKET-5147_184e51e9,Major
wicket,remotes/origin/bugs-dot-jar_WICKET-5157_961f2477,Major
wicket,remotes/origin/bugs-dot-jar_WICKET-5165_0d4d1df7,Major
wicket,remotes/origin/bugs-dot-jar_WICKET-5176_34634266,Minor
wicket,remotes/origin/bugs-dot-jar_WICKET-5203_2293764f,Major
wicket,remotes/origin/bugs-dot-jar_WICKET-5204_9e6efa61,Major
wicket,remotes/origin/bugs-dot-jar_WICKET-5209_55eb5212,Major
wicket,remotes/origin/bugs-dot-jar_WICKET-5226_8e518d88,Major
wicket,remotes/origin/bugs-dot-jar_WICKET-5230_9c8f658a,Major
wicket,remotes/origin/bugs-dot-jar_WICKET-5237_b61fe92c,Minor
wicket,remotes/origin/bugs-dot-jar_WICKET-5247_44a4132f,Minor
wicket,remotes/origin/bugs-dot-jar_WICKET-5250_6122df49,Major
wicket,remotes/origin/bugs-dot-jar_WICKET-5251_3d2393c7,Major
wicket,remotes/origin/bugs-dot-jar_WICKET-5251_6ce34ccf,Major
wicket,remotes/origin/bugs-dot-jar_WICKET-5259_a9e56e1e,Major
wicket,remotes/origin/bugs-dot-jar_WICKET-5265_0eb596df,Major
wicket,remotes/origin/bugs-dot-jar_WICKET-5319_c863b032,Minor
wicket,remotes/origin/bugs-dot-jar_WICKET-5326_ded3c583,Major
wicket,remotes/origin/bugs-dot-jar_WICKET-5345_3fc7234e,Major
wicket,remotes/origin/bugs-dot-jar_WICKET-5359_61122bab,Minor
wicket,remotes/origin/bugs-dot-jar_WICKET-5398_19e7c1cd,Minor
wicket,remotes/origin/bugs-dot-jar_WICKET-5400_6cefb9f8,Minor
wicket,remotes/origin/bugs-dot-jar_WICKET-5416_87fa630f,Major
wicket,remotes/origin/bugs-dot-jar_WICKET-5418_e350f19e,Major
wicket,remotes/origin/bugs-dot-jar_WICKET-5426_fb45a781,Minor
wicket,remotes/origin/bugs-dot-jar_WICKET-5441_8ccb1f6d,Major
wicket,remotes/origin/bugs-dot-jar_WICKET-5442_a382917f,Major
wicket,remotes/origin/bugs-dot-jar_WICKET-5447_2abc18f1,Minor
wicket,remotes/origin/bugs-dot-jar_WICKET-5460_a3a5a40f,Major
wicket,remotes/origin/bugs-dot-jar_WICKET-5466_c1c1f794,Major
wicket,remotes/origin/bugs-dot-jar_WICKET-5476_813d8bee,Minor
wicket,remotes/origin/bugs-dot-jar_WICKET-5484_ecdfc124,Major
wicket,remotes/origin/bugs-dot-jar_WICKET-5486_a79ed51e,Minor
wicket,remotes/origin/bugs-dot-jar_WICKET-5497_724066f4,Major
wicket,remotes/origin/bugs-dot-jar_WICKET-5500_825da305,Major
wicket,remotes/origin/bugs-dot-jar_WICKET-5505_6cceff44,Minor
wicket,remotes/origin/bugs-dot-jar_WICKET-5518_c2e12216,Minor
wicket,remotes/origin/bugs-dot-jar_WICKET-5522_5b730c0b,Major
wicket,remotes/origin/bugs-dot-jar_WICKET-5546_f1af9e03,Minor
wicket,remotes/origin/bugs-dot-jar_WICKET-5560_aa82ccfc,Major
wicket,remotes/origin/bugs-dot-jar_WICKET-5565_204849bc,Major
wicket,remotes/origin/bugs-dot-jar_WICKET-5565_44f4782a,Major
wicket,remotes/origin/bugs-dot-jar_WICKET-5569_5efb8091,Minor
wicket,remotes/origin/bugs-dot-jar_WICKET-5570_57d8f051,Major
wicket,remotes/origin/bugs-dot-jar_WICKET-5572_cd414fa5,Major
wicket,remotes/origin/bugs-dot-jar_WICKET-5578_5cdc1c8d,Major
wicket,remotes/origin/bugs-dot-jar_WICKET-5582_1fb66533,Major
wicket,remotes/origin/bugs-dot-jar_WICKET-5603_240ab3c3,Major
wicket,remotes/origin/bugs-dot-jar_WICKET-5655_d558004b,Minor
wicket,remotes/origin/bugs-dot-jar_WICKET-5656_f539c18c,Major
wicket,remotes/origin/bugs-dot-jar_WICKET-5662_9aec4f33,Major
wicket,remotes/origin/bugs-dot-jar_WICKET-5686_8e794fc4,Major
wicket,remotes/origin/bugs-dot-jar_WICKET-5689_2ac29d30,Minor
wicket,remotes/origin/bugs-dot-jar_WICKET-5698_f45ce896,Major
wicket,remotes/origin/bugs-dot-jar_WICKET-5701_087c0a26,Major
wicket,remotes/origin/bugs-dot-jar_WICKET-5706_0f8a6d75,Major
wicket,remotes/origin/bugs-dot-jar_WICKET-5711_5837817c,Major
wicket,remotes/origin/bugs-dot-jar_WICKET-5712_145da021,Minor
wicket,remotes/origin/bugs-dot-jar_WICKET-5720_2fc6a395,Minor
wicket,remotes/origin/bugs-dot-jar_WICKET-5724_b92591f6,Major
wicket,remotes/origin/bugs-dot-jar_WICKET-5728_3cc3fe95,Major
wicket,remotes/origin/bugs-dot-jar_WICKET-5734_71674df5,Minor
wicket,remotes/origin/bugs-dot-jar_WICKET-5751_bcea89fc,Major
wicket,remotes/origin/bugs-dot-jar_WICKET-5759_0374c040,Major
wicket,remotes/origin/bugs-dot-jar_WICKET-5770_cf6172bd,Major
wicket,remotes/origin/bugs-dot-jar_WICKET-5783_7b8b6767,Major
wicket,remotes/origin/bugs-dot-jar_WICKET-5784_b6259e5f,Minor
wicket,remotes/origin/bugs-dot-jar_WICKET-5809_b1f4e6a3,Minor
wicket,remotes/origin/bugs-dot-jar_WICKET-5838_e93fdd5a,Major
wicket,remotes/origin/bugs-dot-jar_WICKET-5853_b80f6640,Minor
wicket,remotes/origin/bugs-dot-jar_WICKET-5881_8c83c5c5,Major
wicket,remotes/origin/bugs-dot-jar_WICKET-5883_cd3b9234,Minor
wicket,remotes/origin/bugs-dot-jar_WICKET-5891_2d9ebf9a,Major
wicket,remotes/origin/bugs-dot-jar_WICKET-5898_b00920f3,Major
wicket,remotes/origin/bugs-dot-jar_WICKET-5898_ffdd0864,Major
wicket,remotes/origin/bugs-dot-jar_WICKET-5916_def03add,Major
wicket,remotes/origin/bugs-dot-jar_WICKET-5960_03663750,Major
wicket,remotes/origin/bugs-dot-jar_WICKET-5964_86066852,Major
wicket,remotes/origin/bugs-dot-jar_WICKET-5965_31c88569,Major
wicket,remotes/origin/bugs-dot-jar_WICKET-5966_d547fcd4,Major
wicket,remotes/origin/bugs-dot-jar_WICKET-5968_8b7946d8,Major
wicket,remotes/origin/bugs-dot-jar_WICKET-5980_294b0b2f,Minor
wicket,remotes/origin/bugs-dot-jar_WICKET-5981_eb125865,Major
wicket,remotes/origin/bugs-dot-jar_WICKET-5989_a255bbca,Major
