ProjectName,ProjectVersion,IssueTracker,URL,Severity
Chart,1,sourceforge,https://sourceforge.net/p/jfreechart/bugs/983,Medium
Chart,2,sourceforge,https://sourceforge.net/p/jfreechart/bugs/959,Low
Chart,3,,UNKNOWN,
Chart,4,,UNKNOWN,
Chart,5,sourceforge,https://sourceforge.net/p/jfreechart/bugs/862,Low
Chart,6,,UNKNOWN,
Chart,7,,UNKNOWN,
Chart,8,,UNKNOWN,
Chart,9,sourceforge,https://sourceforge.net/p/jfreechart/bugs/818,Medium
Chart,10,,UNKNOWN,
Chart,11,sourceforge,https://sourceforge.net/p/jfreechart/bugs/868,Medium
Chart,12,sourceforge,https://sourceforge.net/p/jfreechart/patches/213,Medium
Chart,13,,UNKNOWN,
Chart,14,,UNKNOWN,
Chart,15,,UNKNOWN,
Chart,16,sourceforge,https://sourceforge.net/p/jfreechart/bugs/834,Medium
Chart,17,sourceforge,https://sourceforge.net/p/jfreechart/bugs/803,Medium
Chart,18,,UNKNOWN,
Chart,19,,UNKNOWN,
Chart,20,,UNKNOWN,
Chart,21,,UNKNOWN,
Chart,22,,UNKNOWN,
Chart,23,,UNKNOWN,
Chart,24,,UNKNOWN,
Chart,25,,UNKNOWN,
Chart,26,,UNKNOWN,
Cli,1,jira,https://issues.apache.org/jira/browse/CLI-13,High
Cli,2,jira,https://issues.apache.org/jira/browse/CLI-51,Critical
Cli,3,jira,https://issues.apache.org/jira/browse/CLI-1,High
Cli,4,jira,https://issues.apache.org/jira/browse/CLI-1,High
Cli,5,jira,https://issues.apache.org/jira/browse/CLI-133,Low
Cli,7,jira,https://issues.apache.org/jira/browse/CLI-121,High
Cli,8,jira,https://issues.apache.org/jira/browse/CLI-151,High
Cli,9,jira,https://issues.apache.org/jira/browse/CLI-149,High
Cli,10,jira,https://issues.apache.org/jira/browse/CLI-156,Low
Cli,11,jira,https://issues.apache.org/jira/browse/CLI-1,High
Cli,12,jira,https://issues.apache.org/jira/browse/CLI-1,High
Cli,13,jira,https://issues.apache.org/jira/browse/CLI-61,High
Cli,14,jira,https://issues.apache.org/jira/browse/CLI-144,High
Cli,15,jira,https://issues.apache.org/jira/browse/CLI-158,High
Cli,16,jira,https://issues.apache.org/jira/browse/CLI-123,Low
Cli,17,jira,https://issues.apache.org/jira/browse/CLI-163,High
Cli,18,jira,https://issues.apache.org/jira/browse/CLI-164,High
Cli,19,jira,https://issues.apache.org/jira/browse/CLI-164,High
Cli,20,jira,https://issues.apache.org/jira/browse/CLI-165,High
Cli,21,jira,https://issues.apache.org/jira/browse/CLI-150,High
Cli,22,jira,https://issues.apache.org/jira/browse/CLI-1,High
Cli,23,jira,https://issues.apache.org/jira/browse/CLI-162,High
Cli,24,jira,https://issues.apache.org/jira/browse/CLI-162,High
Cli,25,jira,https://issues.apache.org/jira/browse/CLI-162,High
Cli,26,jira,https://issues.apache.org/jira/browse/CLI-177,Low
Cli,27,jira,https://issues.apache.org/jira/browse/CLI-182,High
Cli,28,jira,https://issues.apache.org/jira/browse/CLI-201,Low
Cli,29,jira,https://issues.apache.org/jira/browse/CLI-185,High
Cli,30,jira,https://issues.apache.org/jira/browse/CLI-203,Low
Cli,31,jira,https://issues.apache.org/jira/browse/CLI-205,Low
Cli,32,jira,https://issues.apache.org/jira/browse/CLI-193,Critical
Cli,33,jira,https://issues.apache.org/jira/browse/CLI-207,High
Cli,34,jira,https://issues.apache.org/jira/browse/CLI-215,Low
Cli,35,jira,https://issues.apache.org/jira/browse/CLI-252,High
Cli,36,jira,https://issues.apache.org/jira/browse/CLI-266,High
Cli,37,jira,https://issues.apache.org/jira/browse/CLI-265,High
Cli,38,jira,https://issues.apache.org/jira/browse/CLI-265,High
Cli,39,jira,https://issues.apache.org/jira/browse/CLI-274,Low
Cli,40,jira,https://issues.apache.org/jira/browse/CLI-282,Low
Closure,1,googleapis,https://storage.googleapis.com/google-code-archive/v2/code.google.com/closure-compiler/issues/issue-253.json,Medium
Closure,2,googleapis,https://storage.googleapis.com/google-code-archive/v2/code.google.com/closure-compiler/issues/issue-884.json,Medium
Closure,3,googleapis,https://storage.googleapis.com/google-code-archive/v2/code.google.com/closure-compiler/issues/issue-864.json,High
Closure,4,googleapis,https://storage.googleapis.com/google-code-archive/v2/code.google.com/closure-compiler/issues/issue-873.json,Medium
Closure,5,googleapis,https://storage.googleapis.com/google-code-archive/v2/code.google.com/closure-compiler/issues/issue-851.json,High
Closure,6,googleapis,https://storage.googleapis.com/google-code-archive/v2/code.google.com/closure-compiler/issues/issue-635.json,Medium
Closure,7,googleapis,https://storage.googleapis.com/google-code-archive/v2/code.google.com/closure-compiler/issues/issue-841.json,Medium
Closure,8,googleapis,https://storage.googleapis.com/google-code-archive/v2/code.google.com/closure-compiler/issues/issue-820.json,Medium
Closure,9,googleapis,https://storage.googleapis.com/google-code-archive/v2/code.google.com/closure-compiler/issues/issue-824.json,Medium
Closure,10,googleapis,https://storage.googleapis.com/google-code-archive/v2/code.google.com/closure-compiler/issues/issue-821.json,High
Closure,11,googleapis,https://storage.googleapis.com/google-code-archive/v2/code.google.com/closure-compiler/issues/issue-810.json,Medium
Closure,12,googleapis,https://storage.googleapis.com/google-code-archive/v2/code.google.com/closure-compiler/issues/issue-794.json,High
Closure,13,googleapis,https://storage.googleapis.com/google-code-archive/v2/code.google.com/closure-compiler/issues/issue-787.json,Medium
Closure,14,googleapis,https://storage.googleapis.com/google-code-archive/v2/code.google.com/closure-compiler/issues/issue-779.json,Medium
Closure,15,googleapis,https://storage.googleapis.com/google-code-archive/v2/code.google.com/closure-compiler/issues/issue-773.json,Medium
Closure,16,googleapis,https://storage.googleapis.com/google-code-archive/v2/code.google.com/closure-compiler/issues/issue-772.json,Medium
Closure,17,googleapis,https://storage.googleapis.com/google-code-archive/v2/code.google.com/closure-compiler/issues/issue-688.json,Medium
Closure,18,googleapis,https://storage.googleapis.com/google-code-archive/v2/code.google.com/closure-compiler/issues/issue-768.json,Medium
Closure,19,googleapis,https://storage.googleapis.com/google-code-archive/v2/code.google.com/closure-compiler/issues/issue-769.json,Medium
Closure,20,googleapis,https://storage.googleapis.com/google-code-archive/v2/code.google.com/closure-compiler/issues/issue-759.json,Medium
Closure,21,googleapis,https://storage.googleapis.com/google-code-archive/v2/code.google.com/closure-compiler/issues/issue-753.json,Medium
Closure,22,googleapis,https://storage.googleapis.com/google-code-archive/v2/code.google.com/closure-compiler/issues/issue-753.json,Medium
Closure,23,googleapis,https://storage.googleapis.com/google-code-archive/v2/code.google.com/closure-compiler/issues/issue-747.json,Medium
Closure,24,googleapis,https://storage.googleapis.com/google-code-archive/v2/code.google.com/closure-compiler/issues/issue-737.json,Medium
Closure,25,googleapis,https://storage.googleapis.com/google-code-archive/v2/code.google.com/closure-compiler/issues/issue-729.json,Medium
Closure,26,googleapis,https://storage.googleapis.com/google-code-archive/v2/code.google.com/closure-compiler/issues/issue-732.json,Medium
Closure,27,googleapis,https://storage.googleapis.com/google-code-archive/v2/code.google.com/closure-compiler/issues/issue-727.json,Medium
Closure,28,googleapis,https://storage.googleapis.com/google-code-archive/v2/code.google.com/closure-compiler/issues/issue-728.json,Medium
Closure,29,googleapis,https://storage.googleapis.com/google-code-archive/v2/code.google.com/closure-compiler/issues/issue-724.json,High
Closure,30,googleapis,https://storage.googleapis.com/google-code-archive/v2/code.google.com/closure-compiler/issues/issue-698.json,Medium
Closure,31,googleapis,https://storage.googleapis.com/google-code-archive/v2/code.google.com/closure-compiler/issues/issue-703.json,Medium
Closure,32,googleapis,https://storage.googleapis.com/google-code-archive/v2/code.google.com/closure-compiler/issues/issue-701.json,Medium
Closure,33,googleapis,https://storage.googleapis.com/google-code-archive/v2/code.google.com/closure-compiler/issues/issue-700.json,Medium
Closure,34,googleapis,https://storage.googleapis.com/google-code-archive/v2/code.google.com/closure-compiler/issues/issue-691.json,Medium
Closure,35,googleapis,https://storage.googleapis.com/google-code-archive/v2/code.google.com/closure-compiler/issues/issue-669.json,Medium
Closure,36,googleapis,https://storage.googleapis.com/google-code-archive/v2/code.google.com/closure-compiler/issues/issue-668.json,Medium
Closure,37,googleapis,https://storage.googleapis.com/google-code-archive/v2/code.google.com/closure-compiler/issues/issue-663.json,Medium
Closure,38,googleapis,https://storage.googleapis.com/google-code-archive/v2/code.google.com/closure-compiler/issues/issue-657.json,Medium
Closure,39,googleapis,https://storage.googleapis.com/google-code-archive/v2/code.google.com/closure-compiler/issues/issue-643.json,Medium
Closure,40,googleapis,https://storage.googleapis.com/google-code-archive/v2/code.google.com/closure-compiler/issues/issue-284.json,Medium
Closure,41,googleapis,https://storage.googleapis.com/google-code-archive/v2/code.google.com/closure-compiler/issues/issue-368.json,Medium
Closure,42,googleapis,https://storage.googleapis.com/google-code-archive/v2/code.google.com/closure-compiler/issues/issue-644.json,Medium
Closure,43,googleapis,https://storage.googleapis.com/google-code-archive/v2/code.google.com/closure-compiler/issues/issue-314.json,Medium
Closure,44,googleapis,https://storage.googleapis.com/google-code-archive/v2/code.google.com/closure-compiler/issues/issue-620.json,Medium
Closure,45,googleapis,https://storage.googleapis.com/google-code-archive/v2/code.google.com/closure-compiler/issues/issue-618.json,High
Closure,46,googleapis,https://storage.googleapis.com/google-code-archive/v2/code.google.com/closure-compiler/issues/issue-603.json,Medium
Closure,47,googleapis,https://storage.googleapis.com/google-code-archive/v2/code.google.com/closure-compiler/issues/issue-575.json,Medium
Closure,48,googleapis,https://storage.googleapis.com/google-code-archive/v2/code.google.com/closure-compiler/issues/issue-586.json,Medium
Closure,49,googleapis,https://storage.googleapis.com/google-code-archive/v2/code.google.com/closure-compiler/issues/issue-539.json,Low
Closure,50,googleapis,https://storage.googleapis.com/google-code-archive/v2/code.google.com/closure-compiler/issues/issue-558.json,Low
Closure,51,googleapis,https://storage.googleapis.com/google-code-archive/v2/code.google.com/closure-compiler/issues/issue-582.json,Medium
Closure,52,googleapis,https://storage.googleapis.com/google-code-archive/v2/code.google.com/closure-compiler/issues/issue-569.json,Medium
Closure,53,googleapis,https://storage.googleapis.com/google-code-archive/v2/code.google.com/closure-compiler/issues/issue-545.json,Medium
Closure,54,googleapis,https://storage.googleapis.com/google-code-archive/v2/code.google.com/closure-compiler/issues/issue-537.json,Medium
Closure,55,googleapis,https://storage.googleapis.com/google-code-archive/v2/code.google.com/closure-compiler/issues/issue-538.json,Medium
Closure,56,googleapis,https://storage.googleapis.com/google-code-archive/v2/code.google.com/closure-compiler/issues/issue-511.json,Medium
Closure,57,googleapis,https://storage.googleapis.com/google-code-archive/v2/code.google.com/closure-compiler/issues/issue-530.json,Medium
Closure,58,googleapis,https://storage.googleapis.com/google-code-archive/v2/code.google.com/closure-compiler/issues/issue-528.json,Medium
Closure,59,googleapis,https://storage.googleapis.com/google-code-archive/v2/code.google.com/closure-compiler/issues/issue-521.json,Medium
Closure,60,googleapis,https://storage.googleapis.com/google-code-archive/v2/code.google.com/closure-compiler/issues/issue-504.json,Medium
Closure,61,googleapis,https://storage.googleapis.com/google-code-archive/v2/code.google.com/closure-compiler/issues/issue-501.json,Medium
Closure,62,googleapis,https://storage.googleapis.com/google-code-archive/v2/code.google.com/closure-compiler/issues/issue-487.json,Medium
Closure,64,googleapis,https://storage.googleapis.com/google-code-archive/v2/code.google.com/closure-compiler/issues/issue-489.json,Medium
Closure,65,googleapis,https://storage.googleapis.com/google-code-archive/v2/code.google.com/closure-compiler/issues/issue-486.json,Medium
Closure,66,googleapis,https://storage.googleapis.com/google-code-archive/v2/code.google.com/closure-compiler/issues/issue-482.json,Medium
Closure,67,googleapis,https://storage.googleapis.com/google-code-archive/v2/code.google.com/closure-compiler/issues/issue-459.json,Medium
Closure,68,googleapis,https://storage.googleapis.com/google-code-archive/v2/code.google.com/closure-compiler/issues/issue-477.json,Medium
Closure,69,googleapis,https://storage.googleapis.com/google-code-archive/v2/code.google.com/closure-compiler/issues/issue-440.json,Medium
Closure,70,googleapis,https://storage.googleapis.com/google-code-archive/v2/code.google.com/closure-compiler/issues/issue-433.json,Medium
Closure,71,googleapis,https://storage.googleapis.com/google-code-archive/v2/code.google.com/closure-compiler/issues/issue-254.json,Medium
Closure,72,googleapis,https://storage.googleapis.com/google-code-archive/v2/code.google.com/closure-compiler/issues/issue-435.json,Medium
Closure,73,googleapis,https://storage.googleapis.com/google-code-archive/v2/code.google.com/closure-compiler/issues/issue-416.json,Medium
Closure,74,googleapis,https://storage.googleapis.com/google-code-archive/v2/code.google.com/closure-compiler/issues/issue-413.json,Medium
Closure,75,googleapis,https://storage.googleapis.com/google-code-archive/v2/code.google.com/closure-compiler/issues/issue-395.json,Medium
Closure,76,googleapis,https://storage.googleapis.com/google-code-archive/v2/code.google.com/closure-compiler/issues/issue-384.json,Medium
Closure,77,googleapis,https://storage.googleapis.com/google-code-archive/v2/code.google.com/closure-compiler/issues/issue-383.json,High
Closure,78,googleapis,https://storage.googleapis.com/google-code-archive/v2/code.google.com/closure-compiler/issues/issue-381.json,Medium
Closure,79,googleapis,https://storage.googleapis.com/google-code-archive/v2/code.google.com/closure-compiler/issues/issue-367.json,High
Closure,80,googleapis,https://storage.googleapis.com/google-code-archive/v2/code.google.com/closure-compiler/issues/issue-364.json,High
Closure,81,googleapis,https://storage.googleapis.com/google-code-archive/v2/code.google.com/closure-compiler/issues/issue-251.json,Medium
Closure,82,googleapis,https://storage.googleapis.com/google-code-archive/v2/code.google.com/closure-compiler/issues/issue-301.json,Medium
Closure,83,googleapis,https://storage.googleapis.com/google-code-archive/v2/code.google.com/closure-compiler/issues/issue-319.json,Medium
Closure,84,googleapis,https://storage.googleapis.com/google-code-archive/v2/code.google.com/closure-compiler/issues/issue-215.json,Medium
Closure,85,googleapis,https://storage.googleapis.com/google-code-archive/v2/code.google.com/closure-compiler/issues/issue-311.json,High
Closure,86,googleapis,https://storage.googleapis.com/google-code-archive/v2/code.google.com/closure-compiler/issues/issue-303.json,Critical
Closure,87,googleapis,https://storage.googleapis.com/google-code-archive/v2/code.google.com/closure-compiler/issues/issue-291.json,Medium
Closure,88,googleapis,https://storage.googleapis.com/google-code-archive/v2/code.google.com/closure-compiler/issues/issue-297.json,High
Closure,89,googleapis,https://storage.googleapis.com/google-code-archive/v2/code.google.com/closure-compiler/issues/issue-289.json,Medium
Closure,90,googleapis,https://storage.googleapis.com/google-code-archive/v2/code.google.com/closure-compiler/issues/issue-274.json,Medium
Closure,91,googleapis,https://storage.googleapis.com/google-code-archive/v2/code.google.com/closure-compiler/issues/issue-248.json,Medium
Closure,92,googleapis,https://storage.googleapis.com/google-code-archive/v2/code.google.com/closure-compiler/issues/issue-261.json,Medium
Closure,94,googleapis,https://storage.googleapis.com/google-code-archive/v2/code.google.com/closure-compiler/issues/issue-255.json,Medium
Closure,95,googleapis,https://storage.googleapis.com/google-code-archive/v2/code.google.com/closure-compiler/issues/issue-66.json,Medium
Closure,96,googleapis,https://storage.googleapis.com/google-code-archive/v2/code.google.com/closure-compiler/issues/issue-229.json,Medium
Closure,97,googleapis,https://storage.googleapis.com/google-code-archive/v2/code.google.com/closure-compiler/issues/issue-200.json,High
Closure,98,googleapis,https://storage.googleapis.com/google-code-archive/v2/code.google.com/closure-compiler/issues/issue-174.json,High
Closure,99,googleapis,https://storage.googleapis.com/google-code-archive/v2/code.google.com/closure-compiler/issues/issue-125.json,Medium
Closure,100,googleapis,https://storage.googleapis.com/google-code-archive/v2/code.google.com/closure-compiler/issues/issue-144.json,Medium
Closure,101,googleapis,https://storage.googleapis.com/google-code-archive/v2/code.google.com/closure-compiler/issues/issue-130.json,Medium
Closure,102,googleapis,https://storage.googleapis.com/google-code-archive/v2/code.google.com/closure-compiler/issues/issue-115.json,Medium
Closure,103,googleapis,https://storage.googleapis.com/google-code-archive/v2/code.google.com/closure-compiler/issues/issue-113.json,Medium
Closure,104,googleapis,https://storage.googleapis.com/google-code-archive/v2/code.google.com/closure-compiler/issues/issue-114.json,Medium
Closure,105,googleapis,https://storage.googleapis.com/google-code-archive/v2/code.google.com/closure-compiler/issues/issue-106.json,Medium
Closure,106,googleapis,https://storage.googleapis.com/google-code-archive/v2/code.google.com/closure-compiler/issues/issue-19.json,Medium
Closure,107,googleapis,https://storage.googleapis.com/google-code-archive/v2/code.google.com/closure-compiler/issues/issue-1135.json,Medium
Closure,108,googleapis,https://storage.googleapis.com/google-code-archive/v2/code.google.com/closure-compiler/issues/issue-1144.json,Medium
Closure,109,googleapis,https://storage.googleapis.com/google-code-archive/v2/code.google.com/closure-compiler/issues/issue-1105.json,Medium
Closure,110,googleapis,https://storage.googleapis.com/google-code-archive/v2/code.google.com/closure-compiler/issues/issue-1111.json,Medium
Closure,111,googleapis,https://storage.googleapis.com/google-code-archive/v2/code.google.com/closure-compiler/issues/issue-1114.json,Medium
Closure,112,googleapis,https://storage.googleapis.com/google-code-archive/v2/code.google.com/closure-compiler/issues/issue-1058.json,Medium
Closure,113,googleapis,https://storage.googleapis.com/google-code-archive/v2/code.google.com/closure-compiler/issues/issue-1079.json,Medium
Closure,114,googleapis,https://storage.googleapis.com/google-code-archive/v2/code.google.com/closure-compiler/issues/issue-1085.json,Medium
Closure,115,googleapis,https://storage.googleapis.com/google-code-archive/v2/code.google.com/closure-compiler/issues/issue-1101.json,Medium
Closure,116,googleapis,https://storage.googleapis.com/google-code-archive/v2/code.google.com/closure-compiler/issues/issue-1101.json,Medium
Closure,117,googleapis,https://storage.googleapis.com/google-code-archive/v2/code.google.com/closure-compiler/issues/issue-1047.json,Medium
Closure,118,googleapis,https://storage.googleapis.com/google-code-archive/v2/code.google.com/closure-compiler/issues/issue-1024.json,Medium
Closure,119,googleapis,https://storage.googleapis.com/google-code-archive/v2/code.google.com/closure-compiler/issues/issue-1070.json,Low
Closure,120,googleapis,https://storage.googleapis.com/google-code-archive/v2/code.google.com/closure-compiler/issues/issue-1053.json,Medium
Closure,121,googleapis,https://storage.googleapis.com/google-code-archive/v2/code.google.com/closure-compiler/issues/issue-1053.json,Medium
Closure,122,googleapis,https://storage.googleapis.com/google-code-archive/v2/code.google.com/closure-compiler/issues/issue-1037.json,Medium
Closure,123,googleapis,https://storage.googleapis.com/google-code-archive/v2/code.google.com/closure-compiler/issues/issue-1033.json,Medium
Closure,124,googleapis,https://storage.googleapis.com/google-code-archive/v2/code.google.com/closure-compiler/issues/issue-1017.json,Medium
Closure,125,googleapis,https://storage.googleapis.com/google-code-archive/v2/code.google.com/closure-compiler/issues/issue-1002.json,Medium
Closure,126,googleapis,https://storage.googleapis.com/google-code-archive/v2/code.google.com/closure-compiler/issues/issue-936.json,Medium
Closure,127,googleapis,https://storage.googleapis.com/google-code-archive/v2/code.google.com/closure-compiler/issues/issue-936.json,Medium
Closure,128,googleapis,https://storage.googleapis.com/google-code-archive/v2/code.google.com/closure-compiler/issues/issue-942.json,Medium
Closure,129,googleapis,https://storage.googleapis.com/google-code-archive/v2/code.google.com/closure-compiler/issues/issue-937.json,Medium
Closure,130,googleapis,https://storage.googleapis.com/google-code-archive/v2/code.google.com/closure-compiler/issues/issue-931.json,Medium
Closure,131,googleapis,https://storage.googleapis.com/google-code-archive/v2/code.google.com/closure-compiler/issues/issue-921.json,Medium
Closure,132,googleapis,https://storage.googleapis.com/google-code-archive/v2/code.google.com/closure-compiler/issues/issue-925.json,Medium
Closure,133,googleapis,https://storage.googleapis.com/google-code-archive/v2/code.google.com/closure-compiler/issues/issue-919.json,Medium
Closure,134,googleapis,https://storage.googleapis.com/google-code-archive/v2/code.google.com/closure-compiler/issues/issue-86.json,Medium
Closure,135,googleapis,https://storage.googleapis.com/google-code-archive/v2/code.google.com/closure-compiler/issues/issue-59.json,Medium
Closure,136,googleapis,https://storage.googleapis.com/google-code-archive/v2/code.google.com/closure-compiler/issues/issue-103.json,Medium
Closure,137,googleapis,https://storage.googleapis.com/google-code-archive/v2/code.google.com/closure-compiler/issues/issue-124.json,Medium
Closure,138,googleapis,https://storage.googleapis.com/google-code-archive/v2/code.google.com/closure-compiler/issues/issue-124.json,Medium
Closure,139,googleapis,https://storage.googleapis.com/google-code-archive/v2/code.google.com/closure-compiler/issues/issue-33.json,Medium
Closure,140,googleapis,https://storage.googleapis.com/google-code-archive/v2/code.google.com/closure-compiler/issues/issue-126.json,
Closure,141,googleapis,https://storage.googleapis.com/google-code-archive/v2/code.google.com/closure-compiler/issues/issue-116.json,Medium
Closure,142,googleapis,https://storage.googleapis.com/google-code-archive/v2/code.google.com/closure-compiler/issues/issue-58.json,Medium
Closure,143,googleapis,https://storage.googleapis.com/google-code-archive/v2/code.google.com/closure-compiler/issues/issue-139.json,Medium
Closure,144,googleapis,https://storage.googleapis.com/google-code-archive/v2/code.google.com/closure-compiler/issues/issue-143.json,Medium
Closure,145,googleapis,https://storage.googleapis.com/google-code-archive/v2/code.google.com/closure-compiler/issues/issue-190.json,High
Closure,146,googleapis,https://storage.googleapis.com/google-code-archive/v2/code.google.com/closure-compiler/issues/issue-172.json,Medium
Closure,147,googleapis,https://storage.googleapis.com/google-code-archive/v2/code.google.com/closure-compiler/issues/issue-182.json,Medium
Closure,148,googleapis,https://storage.googleapis.com/google-code-archive/v2/code.google.com/closure-compiler/issues/issue-196.json,Medium
Closure,149,googleapis,https://storage.googleapis.com/google-code-archive/v2/code.google.com/closure-compiler/issues/issue-205.json,Medium
Closure,150,googleapis,https://storage.googleapis.com/google-code-archive/v2/code.google.com/closure-compiler/issues/issue-61.json,Medium
Closure,151,googleapis,https://storage.googleapis.com/google-code-archive/v2/code.google.com/closure-compiler/issues/issue-74.json,Medium
Closure,152,googleapis,https://storage.googleapis.com/google-code-archive/v2/code.google.com/closure-compiler/issues/issue-268.json,Medium
Closure,153,googleapis,https://storage.googleapis.com/google-code-archive/v2/code.google.com/closure-compiler/issues/issue-290.json,Medium
Closure,154,googleapis,https://storage.googleapis.com/google-code-archive/v2/code.google.com/closure-compiler/issues/issue-204.json,Medium
Closure,155,googleapis,https://storage.googleapis.com/google-code-archive/v2/code.google.com/closure-compiler/issues/issue-378.json,Medium
Closure,156,googleapis,https://storage.googleapis.com/google-code-archive/v2/code.google.com/closure-compiler/issues/issue-389.json,Medium
Closure,157,googleapis,https://storage.googleapis.com/google-code-archive/v2/code.google.com/closure-compiler/issues/issue-347.json,Medium
Closure,158,googleapis,https://storage.googleapis.com/google-code-archive/v2/code.google.com/closure-compiler/issues/issue-407.json,Medium
Closure,159,googleapis,https://storage.googleapis.com/google-code-archive/v2/code.google.com/closure-compiler/issues/issue-423.json,Medium
Closure,160,googleapis,https://storage.googleapis.com/google-code-archive/v2/code.google.com/closure-compiler/issues/issue-467.json,Medium
Closure,161,googleapis,https://storage.googleapis.com/google-code-archive/v2/code.google.com/closure-compiler/issues/issue-522.json,Medium
Closure,162,googleapis,https://storage.googleapis.com/google-code-archive/v2/code.google.com/closure-compiler/issues/issue-548.json,Medium
Closure,163,googleapis,https://storage.googleapis.com/google-code-archive/v2/code.google.com/closure-compiler/issues/issue-600.json,High
Closure,164,googleapis,https://storage.googleapis.com/google-code-archive/v2/code.google.com/closure-compiler/issues/issue-634.json,Medium
Closure,165,googleapis,https://storage.googleapis.com/google-code-archive/v2/code.google.com/closure-compiler/issues/issue-725.json,Medium
Closure,166,googleapis,https://storage.googleapis.com/google-code-archive/v2/code.google.com/closure-compiler/issues/issue-785.json,Medium
Closure,167,googleapis,https://storage.googleapis.com/google-code-archive/v2/code.google.com/closure-compiler/issues/issue-783.json,Medium
Closure,168,googleapis,https://storage.googleapis.com/google-code-archive/v2/code.google.com/closure-compiler/issues/issue-726.json,Medium
Closure,169,googleapis,https://storage.googleapis.com/google-code-archive/v2/code.google.com/closure-compiler/issues/issue-791.json,Medium
Closure,170,googleapis,https://storage.googleapis.com/google-code-archive/v2/code.google.com/closure-compiler/issues/issue-965.json,Medium
Closure,171,googleapis,https://storage.googleapis.com/google-code-archive/v2/code.google.com/closure-compiler/issues/issue-1023.json,Medium
Closure,172,googleapis,https://storage.googleapis.com/google-code-archive/v2/code.google.com/closure-compiler/issues/issue-1042.json,Medium
Closure,173,googleapis,https://storage.googleapis.com/google-code-archive/v2/code.google.com/closure-compiler/issues/issue-1062.json,Medium
Closure,174,googleapis,https://storage.googleapis.com/google-code-archive/v2/code.google.com/closure-compiler/issues/issue-1103.json,Medium
Closure,175,googleapis,https://storage.googleapis.com/google-code-archive/v2/code.google.com/closure-compiler/issues/issue-1101.json,Medium
Closure,176,googleapis,https://storage.googleapis.com/google-code-archive/v2/code.google.com/closure-compiler/issues/issue-1056.json,Medium
Codec,1,jira,https://issues.apache.org/jira/browse/CODEC-65,High
Codec,2,jira,https://issues.apache.org/jira/browse/CODEC-77,High
Codec,3,jira,https://issues.apache.org/jira/browse/CODEC-84,Low
Codec,4,jira,https://issues.apache.org/jira/browse/CODEC-89,High
Codec,5,jira,https://issues.apache.org/jira/browse/CODEC-98,Critical
Codec,6,jira,https://issues.apache.org/jira/browse/CODEC-101,High
Codec,7,jira,https://issues.apache.org/jira/browse/CODEC-99,High
Codec,8,jira,https://issues.apache.org/jira/browse/CODEC-105,High
Codec,9,jira,https://issues.apache.org/jira/browse/CODEC-112,Low
Codec,10,jira,https://issues.apache.org/jira/browse/CODEC-117,High
Codec,11,jira,https://issues.apache.org/jira/browse/CODEC-121,High
Codec,12,jira,https://issues.apache.org/jira/browse/CODEC-130,Low
Codec,13,jira,https://issues.apache.org/jira/browse/CODEC-184,High
Codec,14,jira,https://issues.apache.org/jira/browse/CODEC-187,Low
Codec,15,jira,https://issues.apache.org/jira/browse/CODEC-199,High
Codec,16,jira,https://issues.apache.org/jira/browse/CODEC-200,Low
Codec,17,jira,https://issues.apache.org/jira/browse/CODEC-229,High
Codec,18,jira,https://issues.apache.org/jira/browse/CODEC-231,High
Collections,25,jira,https://issues.apache.org/jira/browse/COLLECTIONS-566,High
Collections,26,jira,https://issues.apache.org/jira/browse/COLLECTIONS-576,High
Collections,27,jira,https://issues.apache.org/jira/browse/COLLECTIONS-580,High
Collections,28,jira,https://issues.apache.org/jira/browse/COLLECTIONS-586,High
Compress,1,jira,https://issues.apache.org/jira/browse/COMPRESS-28,High
Compress,2,jira,https://issues.apache.org/jira/browse/COMPRESS-11,High
Compress,3,jira,https://issues.apache.org/jira/browse/COMPRESS-64,High
Compress,4,jira,https://issues.apache.org/jira/browse/COMPRESS-64,High
Compress,5,jira,https://issues.apache.org/jira/browse/COMPRESS-87,High
Compress,6,jira,https://issues.apache.org/jira/browse/COMPRESS-94,High
Compress,7,jira,https://issues.apache.org/jira/browse/COMPRESS-114,High
Compress,8,jira,https://issues.apache.org/jira/browse/COMPRESS-113,High
Compress,9,jira,https://issues.apache.org/jira/browse/COMPRESS-160,High
Compress,10,jira,https://issues.apache.org/jira/browse/COMPRESS-164,High
Compress,11,jira,https://issues.apache.org/jira/browse/COMPRESS-171,High
Compress,12,jira,https://issues.apache.org/jira/browse/COMPRESS-178,High
Compress,13,jira,https://issues.apache.org/jira/browse/COMPRESS-176,High
Compress,14,jira,https://issues.apache.org/jira/browse/COMPRESS-181,High
Compress,15,jira,https://issues.apache.org/jira/browse/COMPRESS-187,High
Compress,16,jira,https://issues.apache.org/jira/browse/COMPRESS-191,Low
Compress,17,jira,https://issues.apache.org/jira/browse/COMPRESS-197,High
Compress,18,jira,https://issues.apache.org/jira/browse/COMPRESS-203,High
Compress,19,jira,https://issues.apache.org/jira/browse/COMPRESS-228,High
Compress,20,jira,https://issues.apache.org/jira/browse/COMPRESS-236,High
Compress,21,jira,https://issues.apache.org/jira/browse/COMPRESS-252,Critical
Compress,22,jira,https://issues.apache.org/jira/browse/COMPRESS-253,Low
Compress,23,jira,https://issues.apache.org/jira/browse/COMPRESS-256,Low
Compress,24,jira,https://issues.apache.org/jira/browse/COMPRESS-262,Critical
Compress,25,jira,https://issues.apache.org/jira/browse/COMPRESS-264,Low
Compress,26,jira,https://issues.apache.org/jira/browse/COMPRESS-277,High
Compress,27,jira,https://issues.apache.org/jira/browse/COMPRESS-278,High
Compress,28,jira,https://issues.apache.org/jira/browse/COMPRESS-279,High
Compress,29,jira,https://issues.apache.org/jira/browse/COMPRESS-306,High
Compress,30,jira,https://issues.apache.org/jira/browse/COMPRESS-309,High
Compress,31,jira,https://issues.apache.org/jira/browse/COMPRESS-301,High
Compress,32,jira,https://issues.apache.org/jira/browse/COMPRESS-314,Low
Compress,33,jira,https://issues.apache.org/jira/browse/COMPRESS-316,High
Compress,34,jira,https://issues.apache.org/jira/browse/COMPRESS-321,High
Compress,35,jira,https://issues.apache.org/jira/browse/COMPRESS-335,High
Compress,36,jira,https://issues.apache.org/jira/browse/COMPRESS-348,Low
Compress,37,jira,https://issues.apache.org/jira/browse/COMPRESS-355,High
Compress,38,jira,https://issues.apache.org/jira/browse/COMPRESS-356,High
Compress,39,jira,https://issues.apache.org/jira/browse/COMPRESS-351,High
Compress,40,jira,https://issues.apache.org/jira/browse/COMPRESS-363,High
Compress,41,jira,https://issues.apache.org/jira/browse/COMPRESS-367,Low
Compress,42,jira,https://issues.apache.org/jira/browse/COMPRESS-379,High
Compress,43,jira,https://issues.apache.org/jira/browse/COMPRESS-394,Low
Compress,44,jira,https://issues.apache.org/jira/browse/COMPRESS-412,Low
Compress,45,jira,https://issues.apache.org/jira/browse/COMPRESS-411,Low
Compress,46,jira,https://issues.apache.org/jira/browse/COMPRESS-416,High
Compress,47,jira,https://issues.apache.org/jira/browse/COMPRESS-436,High
Csv,1,jira,https://issues.apache.org/jira/browse/CSV-75,High
Csv,2,jira,https://issues.apache.org/jira/browse/CSV-96,High
Csv,3,jira,https://issues.apache.org/jira/browse/CSV-58,High
Csv,4,jira,https://issues.apache.org/jira/browse/CSV-100,High
Csv,5,jira,https://issues.apache.org/jira/browse/CSV-106,High
Csv,6,jira,https://issues.apache.org/jira/browse/CSV-111,High
Csv,7,jira,https://issues.apache.org/jira/browse/CSV-112,High
Csv,8,jira,https://issues.apache.org/jira/browse/CSV-114,High
Csv,9,jira,https://issues.apache.org/jira/browse/CSV-118,High
Csv,10,jira,https://issues.apache.org/jira/browse/CSV-120,Low
Csv,11,jira,https://issues.apache.org/jira/browse/CSV-122,High
Csv,12,jira,https://issues.apache.org/jira/browse/CSV-128,High
Csv,13,jira,https://issues.apache.org/jira/browse/CSV-168,Low
Csv,14,jira,https://issues.apache.org/jira/browse/CSV-171,Low
Csv,15,jira,https://issues.apache.org/jira/browse/CSV-219,High
Csv,16,jira,https://issues.apache.org/jira/browse/CSV-224,Low
Gson,1,,https://github.com/google/gson/issues/40,
Gson,2,,https://github.com/google/gson/pull/719,
Gson,3,,https://github.com/google/gson/issues/624,
Gson,4,,https://github.com/google/gson/pull/773,
Gson,5,,https://github.com/google/gson/issues/768,
Gson,6,,https://github.com/google/gson/pull/800,
Gson,7,,https://github.com/google/gson/issues/604,
Gson,8,,https://github.com/google/gson/issues/817,
Gson,9,,https://github.com/google/gson/pull/836,
Gson,10,,https://github.com/google/gson/issues/831,
Gson,11,,https://github.com/google/gson/pull/964,
Gson,12,,https://github.com/google/gson/issues/1013,
Gson,13,,https://github.com/google/gson/issues/1053,
Gson,14,,https://github.com/google/gson/issues/1074,
Gson,15,,https://github.com/google/gson/issues/1090,
Gson,16,,https://github.com/google/gson/pull/1128,
Gson,17,,https://github.com/google/gson/pull/1100,
Gson,18,,https://github.com/google/gson/issues/1107,
JacksonCore,1,,https://github.com/FasterXML/jackson-core/issues/98,
JacksonCore,2,,https://github.com/FasterXML/jackson-core/issues/105,
JacksonCore,3,,https://github.com/FasterXML/jackson-core/issues/111,
JacksonCore,4,,https://github.com/FasterXML/jackson-core/issues/152,
JacksonCore,5,,https://github.com/FasterXML/jackson-core/issues/173,
JacksonCore,6,,https://github.com/FasterXML/jackson-core/issues/176,
JacksonCore,7,,https://github.com/FasterXML/jackson-core/issues/177,
JacksonCore,8,,https://github.com/FasterXML/jackson-core/issues/182,
JacksonCore,9,,https://github.com/FasterXML/jackson-core/issues/188,
JacksonCore,10,,https://github.com/FasterXML/jackson-core/issues/207,
JacksonCore,11,,https://github.com/FasterXML/jackson-core/issues/216,
JacksonCore,12,,https://github.com/FasterXML/jackson-core/issues/37,
JacksonCore,13,,https://github.com/FasterXML/jackson-core/pull/246,
JacksonCore,14,,https://github.com/FasterXML/jackson-core/issues/255,
JacksonCore,15,,https://github.com/FasterXML/jackson-core/issues/209,
JacksonCore,16,,https://github.com/FasterXML/jackson-core/issues/296,
JacksonCore,17,,https://github.com/FasterXML/jackson-core/issues/307,
JacksonCore,18,,https://github.com/FasterXML/jackson-core/issues/315,
JacksonCore,19,,https://github.com/FasterXML/jackson-core/issues/317,
JacksonCore,20,,https://github.com/FasterXML/jackson-core/issues/318,
JacksonCore,21,,https://github.com/FasterXML/jackson-core/issues/330,
JacksonCore,22,,https://github.com/FasterXML/jackson-core/issues/208,
JacksonCore,23,,https://github.com/FasterXML/jackson-core/issues/502,
JacksonCore,24,,https://github.com/FasterXML/jackson-core/issues/508,
JacksonCore,25,,https://github.com/FasterXML/jackson-core/pull/510,
JacksonCore,26,,https://github.com/FasterXML/jackson-core/issues/531,
JacksonDatabind,1,,https://github.com/FasterXML/jackson-databind/issues/223,
JacksonDatabind,2,,https://github.com/FasterXML/jackson-databind/issues/467,
JacksonDatabind,3,,https://github.com/FasterXML/jackson-databind/issues/479,
JacksonDatabind,4,,https://github.com/FasterXML/jackson-databind/issues/506,
JacksonDatabind,5,,https://github.com/FasterXML/jackson-databind/issues/515,
JacksonDatabind,6,,https://github.com/FasterXML/jackson-databind/issues/570,
JacksonDatabind,7,,https://github.com/FasterXML/jackson-databind/issues/592,
JacksonDatabind,8,,https://github.com/FasterXML/jackson-databind/issues/667,
JacksonDatabind,9,,https://github.com/FasterXML/jackson-databind/issues/682,
JacksonDatabind,10,,https://github.com/FasterXML/jackson-databind/issues/705,
JacksonDatabind,11,,https://github.com/FasterXML/jackson-databind/issues/609,
JacksonDatabind,12,,https://github.com/FasterXML/jackson-databind/issues/735,
JacksonDatabind,13,,https://github.com/FasterXML/jackson-databind/issues/742,
JacksonDatabind,14,,https://github.com/FasterXML/jackson-databind/issues/744,
JacksonDatabind,15,,https://github.com/FasterXML/jackson-databind/issues/731,
JacksonDatabind,16,,https://github.com/FasterXML/jackson-databind/issues/771,
JacksonDatabind,17,,https://github.com/FasterXML/jackson-databind/issues/793,
JacksonDatabind,18,,https://github.com/FasterXML/jackson-databind/issues/734,
JacksonDatabind,19,,https://github.com/FasterXML/jackson-databind/issues/810,
JacksonDatabind,20,,https://github.com/FasterXML/jackson-databind/issues/815,
JacksonDatabind,21,,https://github.com/FasterXML/jackson-databind/issues/677,
JacksonDatabind,22,,https://github.com/FasterXML/jackson-databind/issues/848,
JacksonDatabind,23,,https://github.com/FasterXML/jackson-databind/issues/849,
JacksonDatabind,24,,https://github.com/FasterXML/jackson-databind/issues/889,
JacksonDatabind,25,,https://github.com/FasterXML/jackson-databind/issues/890,
JacksonDatabind,26,,https://github.com/FasterXML/jackson-databind/issues/899,
JacksonDatabind,27,,https://github.com/FasterXML/jackson-databind/issues/928,
JacksonDatabind,28,,https://github.com/FasterXML/jackson-databind/issues/941,
JacksonDatabind,29,,https://github.com/FasterXML/jackson-databind/pull/942,
JacksonDatabind,30,,https://github.com/FasterXML/jackson-databind/issues/965,
JacksonDatabind,31,,https://github.com/FasterXML/jackson-databind/issues/984,
JacksonDatabind,32,,https://github.com/FasterXML/jackson-databind/issues/989,
JacksonDatabind,33,,https://github.com/FasterXML/jackson-databind/issues/1013,
JacksonDatabind,34,,https://github.com/FasterXML/jackson-databind/issues/1045,
JacksonDatabind,35,,https://github.com/FasterXML/jackson-databind/issues/1051,
JacksonDatabind,36,,https://github.com/FasterXML/jackson-databind/issues/803,
JacksonDatabind,37,,https://github.com/FasterXML/jackson-databind/issues/1083,
JacksonDatabind,38,,https://github.com/FasterXML/jackson-databind/issues/1102,
JacksonDatabind,39,,https://github.com/FasterXML/jackson-databind/issues/1108,
JacksonDatabind,40,,https://github.com/FasterXML/jackson-databind/issues/1095,
JacksonDatabind,41,,https://github.com/FasterXML/jackson-databind/issues/1115,
JacksonDatabind,42,,https://github.com/FasterXML/jackson-databind/issues/1123,
JacksonDatabind,43,,https://github.com/FasterXML/jackson-databind/pull/1150,
JacksonDatabind,44,,https://github.com/FasterXML/jackson-databind/issues/1125,
JacksonDatabind,45,,https://github.com/FasterXML/jackson-databind/pull/1155,
JacksonDatabind,46,,https://github.com/FasterXML/jackson-databind/issues/1194,
JacksonDatabind,47,,https://github.com/FasterXML/jackson-databind/issues/1231,
JacksonDatabind,48,,https://github.com/FasterXML/jackson-databind/issues/1223,
JacksonDatabind,49,,https://github.com/FasterXML/jackson-databind/issues/1255,
JacksonDatabind,50,,https://github.com/FasterXML/jackson-databind/issues/1261,
JacksonDatabind,51,,https://github.com/FasterXML/jackson-databind/issues/1270,
JacksonDatabind,52,,https://github.com/FasterXML/jackson-databind/issues/999,
JacksonDatabind,53,,https://github.com/FasterXML/jackson-databind/issues/1215,
JacksonDatabind,54,,https://github.com/FasterXML/jackson-databind/issues/1256,
JacksonDatabind,55,,https://github.com/FasterXML/jackson-databind/issues/1322,
JacksonDatabind,56,,https://github.com/FasterXML/jackson-databind/issues/1344,
JacksonDatabind,57,,https://github.com/FasterXML/jackson-databind/issues/1362,
JacksonDatabind,58,,https://github.com/FasterXML/jackson-databind/issues/877,
JacksonDatabind,59,,https://github.com/FasterXML/jackson-databind/issues/1384,
JacksonDatabind,60,,https://github.com/FasterXML/jackson-databind/issues/1385,
JacksonDatabind,61,,https://github.com/FasterXML/jackson-databind/issues/1395,
JacksonDatabind,62,,https://github.com/FasterXML/jackson-databind/issues/1392,
JacksonDatabind,63,,https://github.com/FasterXML/jackson-databind/issues/1403,
JacksonDatabind,64,,https://github.com/FasterXML/jackson-databind/issues/1417,
JacksonDatabind,65,,https://github.com/FasterXML/jackson-databind/issues/1429,
JacksonDatabind,66,,https://github.com/FasterXML/jackson-databind/issues/1441,
JacksonDatabind,67,,https://github.com/FasterXML/jackson-databind/issues/1445,
JacksonDatabind,68,,https://github.com/FasterXML/jackson-databind/issues/1421,
JacksonDatabind,69,,https://github.com/FasterXML/jackson-databind/issues/1476,
JacksonDatabind,70,,https://github.com/FasterXML/jackson-databind/issues/1493,
JacksonDatabind,71,,https://github.com/FasterXML/jackson-databind/issues/1506,
JacksonDatabind,72,,https://github.com/FasterXML/jackson-databind/issues/1501,
JacksonDatabind,73,,https://github.com/FasterXML/jackson-databind/issues/935,
JacksonDatabind,74,,https://github.com/FasterXML/jackson-databind/issues/1533,
JacksonDatabind,75,,https://github.com/FasterXML/jackson-databind/issues/1543,
JacksonDatabind,76,,https://github.com/FasterXML/jackson-databind/issues/1573,
JacksonDatabind,77,,https://github.com/FasterXML/jackson-databind/issues/1599,
JacksonDatabind,78,,https://github.com/FasterXML/jackson-databind/issues/1599,
JacksonDatabind,79,,https://github.com/FasterXML/jackson-databind/issues/1607,
JacksonDatabind,80,,https://github.com/FasterXML/jackson-databind/issues/1616,
JacksonDatabind,81,,https://github.com/FasterXML/jackson-databind/issues/1592,
JacksonDatabind,82,,https://github.com/FasterXML/jackson-databind/issues/1595,
JacksonDatabind,83,,https://github.com/FasterXML/jackson-databind/issues/1629,
JacksonDatabind,84,,https://github.com/FasterXML/jackson-databind/issues/1647,
JacksonDatabind,85,,https://github.com/FasterXML/jackson-databind/issues/1648,
JacksonDatabind,86,,https://github.com/FasterXML/jackson-databind/issues/1647,
JacksonDatabind,87,,https://github.com/FasterXML/jackson-databind/issues/1657,
JacksonDatabind,88,,https://github.com/FasterXML/jackson-databind/issues/1735,
JacksonDatabind,89,,https://github.com/FasterXML/jackson-databind/issues/1737,
JacksonDatabind,90,,https://github.com/FasterXML/jackson-databind/issues/1804,
JacksonDatabind,91,,https://github.com/FasterXML/jackson-databind/issues/1809,
JacksonDatabind,92,,https://github.com/FasterXML/jackson-databind/issues/1737,
JacksonDatabind,93,,https://github.com/FasterXML/jackson-databind/issues/1872,
JacksonDatabind,94,,https://github.com/FasterXML/jackson-databind/issues/1931,
JacksonDatabind,95,,https://github.com/FasterXML/jackson-databind/issues/1941,
JacksonDatabind,96,,https://github.com/FasterXML/jackson-databind/issues/2051,
JacksonDatabind,97,,https://github.com/FasterXML/jackson-databind/issues/1991,
JacksonDatabind,98,,https://github.com/FasterXML/jackson-databind/issues/1328,
JacksonDatabind,99,,https://github.com/FasterXML/jackson-databind/issues/2109,
JacksonDatabind,100,,https://github.com/FasterXML/jackson-databind/issues/2096,
JacksonDatabind,101,,https://github.com/FasterXML/jackson-databind/issues/2088,
JacksonDatabind,102,,https://github.com/FasterXML/jackson-databind/issues/2064,
JacksonDatabind,103,,https://github.com/FasterXML/jackson-databind/issues/2128,
JacksonDatabind,104,,https://github.com/FasterXML/jackson-databind/issues/2167,
JacksonDatabind,105,,https://github.com/FasterXML/jackson-databind/issues/2197,
JacksonDatabind,106,,https://github.com/FasterXML/jackson-databind/issues/2189,
JacksonDatabind,107,,https://github.com/FasterXML/jackson-databind/issues/2221,
JacksonDatabind,108,,https://github.com/FasterXML/jackson-databind/issues/2211,
JacksonDatabind,109,,https://github.com/FasterXML/jackson-databind/issues/2230,
JacksonDatabind,110,,https://github.com/FasterXML/jackson-databind/issues/2265,
JacksonDatabind,111,,https://github.com/FasterXML/jackson-databind/issues/2303,
JacksonDatabind,112,,https://github.com/FasterXML/jackson-databind/issues/2324,
JacksonXml,1,,https://github.com/FasterXML/jackson-dataformat-xml/issues/180,
JacksonXml,2,,https://github.com/FasterXML/jackson-dataformat-xml/issues/196,
JacksonXml,3,,https://github.com/FasterXML/jackson-dataformat-xml/issues/204,
JacksonXml,4,,https://github.com/FasterXML/jackson-dataformat-xml/issues/213,
JacksonXml,5,,https://github.com/FasterXML/jackson-dataformat-xml/issues/282,
JacksonXml,6,,https://github.com/FasterXML/jackson-dataformat-xml/issues/270,
Jsoup,1,,https://github.com/jhy/jsoup/issues/23,
Jsoup,2,,https://github.com/jhy/jsoup/issues/22,
Jsoup,3,,https://github.com/jhy/jsoup/issues/21,
Jsoup,4,,https://github.com/jhy/jsoup/issues/31,
Jsoup,5,,https://github.com/jhy/jsoup/issues/32,
Jsoup,6,,https://github.com/jhy/jsoup/issues/34,
Jsoup,7,,https://github.com/jhy/jsoup/issues/43,
Jsoup,8,,https://github.com/jhy/jsoup/issues/45,
Jsoup,9,,https://github.com/jhy/jsoup/issues/46,
Jsoup,10,,https://github.com/jhy/jsoup/issues/49,
Jsoup,11,,https://github.com/jhy/jsoup/issues/36,
Jsoup,12,,https://github.com/jhy/jsoup/issues/52,
Jsoup,13,,https://github.com/jhy/jsoup/issues/97,
Jsoup,14,,https://github.com/jhy/jsoup/issues/82,
Jsoup,15,,https://github.com/jhy/jsoup/issues/104,
Jsoup,16,,https://github.com/jhy/jsoup/issues/109,
Jsoup,17,,https://github.com/jhy/jsoup/issues/107,
Jsoup,18,,https://github.com/jhy/jsoup/issues/110,
Jsoup,19,,https://github.com/jhy/jsoup/issues/127,
Jsoup,20,,https://github.com/jhy/jsoup/issues/134,
Jsoup,21,,https://github.com/jhy/jsoup/issues/179,
Jsoup,22,,https://github.com/jhy/jsoup/issues/184,
Jsoup,23,,https://github.com/jhy/jsoup/issues/145,
Jsoup,24,,https://github.com/jhy/jsoup/issues/115,
Jsoup,25,,https://github.com/jhy/jsoup/issues/167,
Jsoup,26,,https://github.com/jhy/jsoup/issues/154,
Jsoup,27,,https://github.com/jhy/jsoup/issues/215,
Jsoup,28,,https://github.com/jhy/jsoup/issues/224,
Jsoup,29,,https://github.com/jhy/jsoup/issues/168,
Jsoup,30,,https://github.com/jhy/jsoup/issues/246,
Jsoup,31,,https://github.com/jhy/jsoup/issues/242,
Jsoup,32,,https://github.com/jhy/jsoup/issues/278,
Jsoup,33,,https://github.com/jhy/jsoup/issues/305,
Jsoup,34,,https://github.com/jhy/jsoup/issues/349,
Jsoup,35,,https://github.com/jhy/jsoup/issues/313,
Jsoup,36,,https://github.com/jhy/jsoup/issues/321,
Jsoup,37,,https://github.com/jhy/jsoup/issues/368,
Jsoup,38,,https://github.com/jhy/jsoup/issues/364,
Jsoup,39,,https://github.com/jhy/jsoup/issues/348,
Jsoup,40,,https://github.com/jhy/jsoup/issues/460,
Jsoup,41,,https://github.com/jhy/jsoup/issues/537,
Jsoup,42,,https://github.com/jhy/jsoup/issues/489,
Jsoup,43,,https://github.com/jhy/jsoup/issues/554,
Jsoup,44,,https://github.com/jhy/jsoup/issues/552,
Jsoup,45,,https://github.com/jhy/jsoup/issues/575,
Jsoup,46,,https://github.com/jhy/jsoup/issues/523,
Jsoup,47,,https://github.com/jhy/jsoup/issues/528,
Jsoup,48,,https://github.com/jhy/jsoup/issues/618,
Jsoup,49,,https://github.com/jhy/jsoup/issues/689,
Jsoup,50,,https://github.com/jhy/jsoup/issues/695,
Jsoup,51,,https://github.com/jhy/jsoup/issues/667,
Jsoup,52,,https://github.com/jhy/jsoup/issues/701,
Jsoup,53,,https://github.com/jhy/jsoup/issues/611,
Jsoup,54,,https://github.com/jhy/jsoup/issues/721,
Jsoup,55,,https://github.com/jhy/jsoup/issues/746,
Jsoup,56,,https://github.com/jhy/jsoup/issues/408,
Jsoup,57,,https://github.com/jhy/jsoup/issues/759,
Jsoup,58,,https://github.com/jhy/jsoup/issues/245,
Jsoup,59,,https://github.com/jhy/jsoup/issues/793,
Jsoup,60,,https://github.com/jhy/jsoup/issues/803,
Jsoup,61,,https://github.com/jhy/jsoup/issues/814,
Jsoup,62,,https://github.com/jhy/jsoup/issues/819,
Jsoup,63,,https://github.com/jhy/jsoup/issues/868,
Jsoup,64,,https://github.com/jhy/jsoup/issues/906,
Jsoup,65,,https://github.com/jhy/jsoup/issues/807,
Jsoup,66,,https://github.com/jhy/jsoup/issues/951,
Jsoup,67,,https://github.com/jhy/jsoup/issues/955,
Jsoup,68,,https://github.com/jhy/jsoup/issues/966,
Jsoup,69,,https://github.com/jhy/jsoup/issues/429,
Jsoup,70,,https://github.com/jhy/jsoup/issues/722,
Jsoup,71,,https://github.com/jhy/jsoup/issues/550,
Jsoup,72,,https://github.com/jhy/jsoup/issues/972,
Jsoup,73,,https://github.com/jhy/jsoup/issues/977,
Jsoup,74,,https://github.com/jhy/jsoup/issues/978,
Jsoup,75,,https://github.com/jhy/jsoup/issues/985,
Jsoup,76,,https://github.com/jhy/jsoup/issues/825,
Jsoup,77,,https://github.com/jhy/jsoup/issues/998,
Jsoup,78,,https://github.com/jhy/jsoup/issues/980,
Jsoup,79,,https://github.com/jhy/jsoup/issues/1032,
Jsoup,80,,https://github.com/jhy/jsoup/issues/1015,
Jsoup,81,,https://github.com/jhy/jsoup/issues/1009,
Jsoup,82,,https://github.com/jhy/jsoup/issues/1007,
Jsoup,83,,https://github.com/jhy/jsoup/issues/797,
Jsoup,84,,https://github.com/jhy/jsoup/issues/848,
Jsoup,85,,https://github.com/jhy/jsoup/issues/1159,
Jsoup,86,,https://github.com/jhy/jsoup/issues/1139,
Jsoup,87,,https://github.com/jhy/jsoup/issues/1149,
Jsoup,88,,https://github.com/jhy/jsoup/issues/1065,
Jsoup,89,,https://github.com/jhy/jsoup/issues/1107,
Jsoup,90,,https://github.com/jhy/jsoup/issues/1172,
Jsoup,91,,https://github.com/jhy/jsoup/issues/1192,
Jsoup,92,,https://github.com/jhy/jsoup/issues/1219,
Jsoup,93,,https://github.com/jhy/jsoup/issues/1231,
JxPath,1,jira,https://issues.apache.org/jira/browse/JXPATH-12,High
JxPath,2,jira,https://issues.apache.org/jira/browse/JXPATH-50,High
JxPath,3,jira,https://issues.apache.org/jira/browse/JXPATH-68,High
JxPath,4,jira,https://issues.apache.org/jira/browse/JXPATH-83,High
JxPath,5,jira,https://issues.apache.org/jira/browse/JXPATH-89,High
JxPath,6,jira,https://issues.apache.org/jira/browse/JXPATH-94,High
JxPath,7,jira,https://issues.apache.org/jira/browse/JXPATH-93,High
JxPath,8,jira,https://issues.apache.org/jira/browse/JXPATH-95,High
JxPath,9,jira,https://issues.apache.org/jira/browse/JXPATH-95,High
JxPath,10,jira,https://issues.apache.org/jira/browse/JXPATH-93,High
JxPath,11,jira,https://issues.apache.org/jira/browse/JXPATH-97,High
JxPath,12,jira,https://issues.apache.org/jira/browse/JXPATH-97,High
JxPath,13,jira,https://issues.apache.org/jira/browse/JXPATH-97,High
JxPath,14,jira,https://issues.apache.org/jira/browse/JXPATH-102,High
JxPath,15,jira,https://issues.apache.org/jira/browse/JXPATH-100,High
JxPath,16,jira,https://issues.apache.org/jira/browse/JXPATH-114,Low
JxPath,17,jira,https://issues.apache.org/jira/browse/JXPATH-109,High
JxPath,18,jira,https://issues.apache.org/jira/browse/JXPATH-115,Low
JxPath,19,jira,https://issues.apache.org/jira/browse/JXPATH-125,High
JxPath,20,jira,https://issues.apache.org/jira/browse/JXPATH-149,Low
JxPath,21,jira,https://issues.apache.org/jira/browse/JXPATH-151,Critical
JxPath,22,jira,https://issues.apache.org/jira/browse/JXPATH-154,High
Lang,1,jira,https://issues.apache.org/jira/browse/LANG-747,High
Lang,3,jira,https://issues.apache.org/jira/browse/LANG-693,Low
Lang,4,jira,https://issues.apache.org/jira/browse/LANG-882,High
Lang,5,jira,https://issues.apache.org/jira/browse/LANG-865,High
Lang,6,jira,https://issues.apache.org/jira/browse/LANG-857,Low
Lang,7,jira,https://issues.apache.org/jira/browse/LANG-822,High
Lang,8,jira,https://issues.apache.org/jira/browse/LANG-818,High
Lang,9,jira,https://issues.apache.org/jira/browse/LANG-832,High
Lang,10,jira,https://issues.apache.org/jira/browse/LANG-831,High
Lang,11,jira,https://issues.apache.org/jira/browse/LANG-807,Low
Lang,12,jira,https://issues.apache.org/jira/browse/LANG-805,Critical
Lang,13,jira,https://issues.apache.org/jira/browse/LANG-788,High
Lang,14,jira,https://issues.apache.org/jira/browse/LANG-786,High
Lang,15,jira,https://issues.apache.org/jira/browse/LANG-775,High
Lang,16,jira,https://issues.apache.org/jira/browse/LANG-746,High
Lang,17,jira,https://issues.apache.org/jira/browse/LANG-720,High
Lang,18,jira,https://issues.apache.org/jira/browse/LANG-719,High
Lang,19,jira,https://issues.apache.org/jira/browse/LANG-710,Low
Lang,20,jira,https://issues.apache.org/jira/browse/LANG-703,High
Lang,21,jira,https://issues.apache.org/jira/browse/LANG-677,High
Lang,22,jira,https://issues.apache.org/jira/browse/LANG-662,Low
Lang,23,jira,https://issues.apache.org/jira/browse/LANG-636,High
Lang,24,jira,https://issues.apache.org/jira/browse/LANG-664,High
Lang,25,jira,https://issues.apache.org/jira/browse/LANG-658,High
Lang,26,jira,https://issues.apache.org/jira/browse/LANG-645,High
Lang,27,jira,https://issues.apache.org/jira/browse/LANG-638,High
Lang,28,jira,https://issues.apache.org/jira/browse/LANG-617,Low
Lang,29,jira,https://issues.apache.org/jira/browse/LANG-624,High
Lang,30,jira,https://issues.apache.org/jira/browse/LANG-607,Low
Lang,31,jira,https://issues.apache.org/jira/browse/LANG-607,Low
Lang,32,jira,https://issues.apache.org/jira/browse/LANG-586,High
Lang,33,jira,https://issues.apache.org/jira/browse/LANG-587,High
Lang,34,jira,https://issues.apache.org/jira/browse/LANG-586,High
Lang,35,jira,https://issues.apache.org/jira/browse/LANG-571,High
Lang,36,jira,https://issues.apache.org/jira/browse/LANG-521,Low
Lang,37,jira,https://issues.apache.org/jira/browse/LANG-567,High
Lang,38,jira,https://issues.apache.org/jira/browse/LANG-538,High
Lang,39,jira,https://issues.apache.org/jira/browse/LANG-552,High
Lang,40,jira,https://issues.apache.org/jira/browse/LANG-432,High
Lang,41,jira,https://issues.apache.org/jira/browse/LANG-535,Low
Lang,42,jira,https://issues.apache.org/jira/browse/LANG-480,Low
Lang,43,jira,https://issues.apache.org/jira/browse/LANG-477,High
Lang,44,jira,https://issues.apache.org/jira/browse/LANG-457,High
Lang,45,jira,https://issues.apache.org/jira/browse/LANG-419,Low
Lang,46,jira,https://issues.apache.org/jira/browse/LANG-421,Critical
Lang,47,jira,https://issues.apache.org/jira/browse/LANG-412,High
Lang,48,jira,https://issues.apache.org/jira/browse/LANG-393,Low
Lang,49,jira,https://issues.apache.org/jira/browse/LANG-380,High
Lang,50,jira,https://issues.apache.org/jira/browse/LANG-368,High
Lang,51,jira,https://issues.apache.org/jira/browse/LANG-365,High
Lang,52,jira,https://issues.apache.org/jira/browse/LANG-363,Low
Lang,53,jira,https://issues.apache.org/jira/browse/LANG-346,High
Lang,54,jira,https://issues.apache.org/jira/browse/LANG-328,High
Lang,55,jira,https://issues.apache.org/jira/browse/LANG-315,High
Lang,56,jira,https://issues.apache.org/jira/browse/LANG-303,High
Lang,57,jira,https://issues.apache.org/jira/browse/LANG-304,High
Lang,58,jira,https://issues.apache.org/jira/browse/LANG-300,High
Lang,59,jira,https://issues.apache.org/jira/browse/LANG-299,High
Lang,60,jira,https://issues.apache.org/jira/browse/LANG-295,High
Lang,61,jira,https://issues.apache.org/jira/browse/LANG-294,High
Lang,62,jira,https://issues.apache.org/jira/browse/LANG-292,Low
Lang,63,jira,https://issues.apache.org/jira/browse/LANG-281,High
Lang,64,jira,https://issues.apache.org/jira/browse/LANG-259,High
Lang,65,jira,https://issues.apache.org/jira/browse/LANG-59,High
Math,1,jira,https://issues.apache.org/jira/browse/MATH-996,Low
Math,2,jira,https://issues.apache.org/jira/browse/MATH-1021,High
Math,3,jira,https://issues.apache.org/jira/browse/MATH-1005,High
Math,4,jira,https://issues.apache.org/jira/browse/MATH-988,High
Math,5,jira,https://issues.apache.org/jira/browse/MATH-934,Low
Math,6,jira,https://issues.apache.org/jira/browse/MATH-949,High
Math,7,jira,https://issues.apache.org/jira/browse/MATH-950,Critical
Math,8,jira,https://issues.apache.org/jira/browse/MATH-942,High
Math,9,jira,https://issues.apache.org/jira/browse/MATH-938,High
Math,10,jira,https://issues.apache.org/jira/browse/MATH-935,Low
Math,11,jira,https://issues.apache.org/jira/browse/MATH-929,Critical
Math,12,jira,https://issues.apache.org/jira/browse/MATH-927,High
Math,13,jira,https://issues.apache.org/jira/browse/MATH-924,Critical
Math,14,jira,https://issues.apache.org/jira/browse/MATH-924,Critical
Math,15,jira,https://issues.apache.org/jira/browse/MATH-904,High
Math,16,jira,https://issues.apache.org/jira/browse/MATH-905,High
Math,17,jira,https://issues.apache.org/jira/browse/MATH-778,High
Math,18,jira,https://issues.apache.org/jira/browse/MATH-867,High
Math,19,jira,https://issues.apache.org/jira/browse/MATH-865,High
Math,20,jira,https://issues.apache.org/jira/browse/MATH-864,High
Math,21,jira,https://issues.apache.org/jira/browse/MATH-789,High
Math,22,jira,https://issues.apache.org/jira/browse/MATH-859,High
Math,23,jira,https://issues.apache.org/jira/browse/MATH-855,Low
Math,24,jira,https://issues.apache.org/jira/browse/MATH-855,Low
Math,25,jira,https://issues.apache.org/jira/browse/MATH-844,Low
Math,26,jira,https://issues.apache.org/jira/browse/MATH-836,Low
Math,27,jira,https://issues.apache.org/jira/browse/MATH-835,Low
Math,28,jira,https://issues.apache.org/jira/browse/MATH-828,High
Math,29,jira,https://issues.apache.org/jira/browse/MATH-803,High
Math,30,jira,https://issues.apache.org/jira/browse/MATH-790,Low
Math,31,jira,https://issues.apache.org/jira/browse/MATH-718,High
Math,32,jira,https://issues.apache.org/jira/browse/MATH-780,High
Math,33,jira,https://issues.apache.org/jira/browse/MATH-781,High
Math,34,jira,https://issues.apache.org/jira/browse/MATH-779,High
Math,35,jira,https://issues.apache.org/jira/browse/MATH-776,High
Math,36,jira,https://issues.apache.org/jira/browse/MATH-744,High
Math,37,jira,https://issues.apache.org/jira/browse/MATH-722,Low
Math,38,jira,https://issues.apache.org/jira/browse/MATH-728,High
Math,39,jira,https://issues.apache.org/jira/browse/MATH-727,High
Math,40,jira,https://issues.apache.org/jira/browse/MATH-716,Low
Math,41,jira,https://issues.apache.org/jira/browse/MATH-704,High
Math,42,jira,https://issues.apache.org/jira/browse/MATH-713,High
Math,43,jira,https://issues.apache.org/jira/browse/MATH-691,Low
Math,44,jira,https://issues.apache.org/jira/browse/MATH-695,High
Math,45,jira,https://issues.apache.org/jira/browse/MATH-679,Low
Math,46,jira,https://issues.apache.org/jira/browse/MATH-657,Low
Math,47,jira,https://issues.apache.org/jira/browse/MATH-657,Low
Math,48,jira,https://issues.apache.org/jira/browse/MATH-631,High
Math,49,jira,https://issues.apache.org/jira/browse/MATH-645,High
Math,50,jira,https://issues.apache.org/jira/browse/MATH-631,High
Math,51,jira,https://issues.apache.org/jira/browse/MATH-631,High
Math,52,jira,https://issues.apache.org/jira/browse/MATH-639,High
Math,53,jira,https://issues.apache.org/jira/browse/MATH-618,High
Math,54,jira,https://issues.apache.org/jira/browse/MATH-567,Low
Math,55,jira,https://issues.apache.org/jira/browse/MATH-554,High
Math,56,jira,https://issues.apache.org/jira/browse/MATH-552,Low
Math,57,jira,https://issues.apache.org/jira/browse/MATH-546,Low
Math,58,jira,https://issues.apache.org/jira/browse/MATH-519,High
Math,59,jira,https://issues.apache.org/jira/browse/MATH-482,High
Math,60,jira,https://issues.apache.org/jira/browse/MATH-414,Low
Math,61,jira,https://issues.apache.org/jira/browse/MATH-349,Low
Math,62,jira,https://issues.apache.org/jira/browse/MATH-413,High
Math,63,jira,https://issues.apache.org/jira/browse/MATH-370,Low
Math,64,jira,https://issues.apache.org/jira/browse/MATH-405,High
Math,65,jira,https://issues.apache.org/jira/browse/MATH-377,High
Math,66,jira,https://issues.apache.org/jira/browse/MATH-395,High
Math,67,jira,https://issues.apache.org/jira/browse/MATH-393,Low
Math,68,jira,https://issues.apache.org/jira/browse/MATH-362,High
Math,69,jira,https://issues.apache.org/jira/browse/MATH-371,High
Math,70,jira,https://issues.apache.org/jira/browse/MATH-369,Low
Math,71,jira,https://issues.apache.org/jira/browse/MATH-358,Critical
Math,72,jira,https://issues.apache.org/jira/browse/MATH-344,Critical
Math,73,jira,https://issues.apache.org/jira/browse/MATH-343,Critical
Math,74,jira,https://issues.apache.org/jira/browse/MATH-338,High
Math,75,jira,https://issues.apache.org/jira/browse/MATH-329,Low
Math,76,jira,https://issues.apache.org/jira/browse/MATH-320,High
Math,77,jira,https://issues.apache.org/jira/browse/MATH-326,High
Math,78,jira,https://issues.apache.org/jira/browse/MATH-322,High
Math,79,jira,https://issues.apache.org/jira/browse/MATH-305,High
Math,80,jira,https://issues.apache.org/jira/browse/MATH-318,High
Math,81,jira,https://issues.apache.org/jira/browse/MATH-308,High
Math,82,jira,https://issues.apache.org/jira/browse/MATH-288,High
Math,83,jira,https://issues.apache.org/jira/browse/MATH-286,High
Math,84,jira,https://issues.apache.org/jira/browse/MATH-283,Critical
Math,85,jira,https://issues.apache.org/jira/browse/MATH-280,High
Math,86,jira,https://issues.apache.org/jira/browse/MATH-274,Low
Math,87,jira,https://issues.apache.org/jira/browse/MATH-273,High
Math,88,jira,https://issues.apache.org/jira/browse/MATH-272,High
Math,89,jira,https://issues.apache.org/jira/browse/MATH-259,High
Math,90,jira,https://issues.apache.org/jira/browse/MATH-259,High
Math,91,jira,https://issues.apache.org/jira/browse/MATH-252,High
Math,92,jira,https://issues.apache.org/jira/browse/MATH-241,High
Math,93,jira,https://issues.apache.org/jira/browse/MATH-240,Low
Math,94,jira,https://issues.apache.org/jira/browse/MATH-238,Low
Math,95,jira,https://issues.apache.org/jira/browse/MATH-227,Low
Math,96,jira,https://issues.apache.org/jira/browse/MATH-221,Low
Math,97,jira,https://issues.apache.org/jira/browse/MATH-204,Low
Math,98,jira,https://issues.apache.org/jira/browse/MATH-209,High
Math,99,jira,https://issues.apache.org/jira/browse/MATH-243,Low
Math,100,jira,https://issues.apache.org/jira/browse/MATH-200,Critical
Math,101,jira,https://issues.apache.org/jira/browse/MATH-198,High
Math,102,jira,https://issues.apache.org/jira/browse/MATH-175,High
Math,103,jira,https://issues.apache.org/jira/browse/MATH-167,Low
Math,104,jira,https://issues.apache.org/jira/browse/MATH-166,Low
Math,105,jira,https://issues.apache.org/jira/browse/MATH-85,High
Math,106,jira,https://issues.apache.org/jira/browse/MATH-60,
Mockito,1,,https://github.com/mockito/mockito/issues/188,
Mockito,2,,https://github.com/mockito/mockito/issues/197,
Mockito,3,,https://github.com/mockito/mockito/issues/188,
Mockito,4,,https://github.com/mockito/mockito/issues/187,
Mockito,5,,https://github.com/mockito/mockito/issues/152,
Mockito,6,,https://github.com/mockito/mockito/issues/134,
Mockito,7,,https://github.com/mockito/mockito/issues/128,
Mockito,8,,https://github.com/mockito/mockito/issues/114,
Mockito,9,,https://github.com/mockito/mockito/issues/122,
Mockito,10,,https://github.com/mockito/mockito/issues/99,
Mockito,11,,https://github.com/mockito/mockito/issues/87,
Mockito,12,,https://github.com/mockito/mockito/issues/188,
Mockito,13,,https://github.com/mockito/mockito/issues/138,
Mockito,14,,https://github.com/mockito/mockito/issues/138,
Mockito,15,,https://github.com/mockito/mockito/issues/211,
Mockito,16,,https://github.com/mockito/mockito/issues/151,
Mockito,17,,https://github.com/mockito/mockito/issues/152,
Mockito,18,,https://github.com/mockito/mockito/issues/210,
Mockito,19,,https://github.com/mockito/mockito/issues/205,
Mockito,20,,https://github.com/mockito/mockito/issues/92,
Mockito,21,,https://github.com/mockito/mockito/issues/92,
Mockito,22,,https://github.com/mockito/mockito/issues/484,
Mockito,23,,https://github.com/mockito/mockito/issues/399,
Mockito,24,,https://github.com/mockito/mockito/issues/467,
Mockito,25,,https://github.com/mockito/mockito/issues/230,
Mockito,26,,https://github.com/mockito/mockito/issues/352,
Mockito,27,,https://github.com/mockito/mockito/issues/282,
Mockito,28,,https://github.com/mockito/mockito/issues/236,
Mockito,29,,https://github.com/mockito/mockito/issues/229,
Mockito,30,,https://github.com/mockito/mockito/issues/225,
Mockito,31,,https://github.com/mockito/mockito/issues/225,
Mockito,32,,https://github.com/mockito/mockito/issues/216,
Mockito,33,,https://github.com/mockito/mockito/issues/200,
Mockito,34,,https://github.com/mockito/mockito/issues/157,
Mockito,35,,https://github.com/mockito/mockito/issues/98,
Mockito,36,,https://github.com/mockito/mockito/issues/140,
Mockito,37,,https://github.com/mockito/mockito/issues/140,
Mockito,38,,https://github.com/mockito/mockito/issues/79,
Time,1,,https://github.com/JodaOrg/joda-time/issues/93,
Time,2,,https://github.com/JodaOrg/joda-time/issues/93,
Time,3,,https://github.com/JodaOrg/joda-time/issues/77,
Time,4,,https://github.com/JodaOrg/joda-time/issues/88,
Time,5,,https://github.com/JodaOrg/joda-time/issues/79,
Time,6,,https://github.com/JodaOrg/joda-time/issues/28,
Time,7,,https://github.com/JodaOrg/joda-time/issues/21,
Time,8,,https://github.com/JodaOrg/joda-time/issues/42,
Time,9,,https://github.com/JodaOrg/joda-time/issues/43,
Time,10,,https://github.com/JodaOrg/joda-time/issues/22,
Time,11,,https://github.com/JodaOrg/joda-time/issues/18,
Time,12,,https://github.com/JodaOrg/joda-time/issues/8,
Time,13,sourceforge,https://sourceforge.net/p/joda-time/bugs/160,Low
Time,14,sourceforge,https://sourceforge.net/p/joda-time/bugs/151,Medium
Time,15,sourceforge,https://sourceforge.net/p/joda-time/bugs/147,Medium
Time,16,sourceforge,https://sourceforge.net/p/joda-time/bugs/148,Medium
Time,17,sourceforge,https://sourceforge.net/p/joda-time/bugs/141,Medium
Time,18,sourceforge,https://sourceforge.net/p/joda-time/bugs/130,Low
Time,19,sourceforge,https://sourceforge.net/p/joda-time/bugs/124,Medium
Time,20,sourceforge,https://sourceforge.net/p/joda-time/bugs/126,Medium
Time,22,sourceforge,https://sourceforge.net/p/joda-time/bugs/113,Medium
Time,23,sourceforge,https://sourceforge.net/p/joda-time/bugs/112,Medium
Time,24,sourceforge,https://sourceforge.net/p/joda-time/bugs/107,Medium
Time,25,sourceforge,https://sourceforge.net/p/joda-time/bugs/90,Medium
Time,26,sourceforge,https://sourceforge.net/p/joda-time/bugs/60,Medium
Time,27,sourceforge,https://sourceforge.net/p/joda-time/bugs/64,High
